flight_id,passenger_id,seat_class,booking_date,price_paid,booking_status
37,591,Economy,2025-11-06,1533.52,Confirmed
42,1056,,2025-11-10,2271.48,Confirmed
31,1060,Economy,2025-11-14,2189.76,Pending
4,965,Business,2025-10-07,2242.97,Confirmed
46,972,Premium,2025-11-16,421.3,Pending
25,480,Business,2025-10-31,2595.76,Confirmed
28,859,Premium,2025-10-22,2891.71,Confirmed
21,152,Business,2025-11-04,2493.62,Confirmed
38,395,Economy,2025-10-01,2579.19,Confirmed
25,678,Business,2025-11-03,2863.67,Confirmed
13,106,Economy,2025-11-02,102.99,Confirmed
48,735,Business,2025-11-12,2336.6,Confirmed
29,984,Premium,2025-10-19,1257.79,Confirmed
9,461,Economy,2025-10-02,1598.62,Confirmed
24,1085,Economy,2025-10-31,711.86,Confirmed
25,966,,2025-10-19,160.36,Confirmed
35,704,Premium,2025-10-07,2066.43,Confirmed
16,392,Business,2025-11-09,2604.48,Confirmed
39,367,Premium,2025-10-09,1208.49,Confirmed
36,1088,Business,2025-11-03,2292.7,Confirmed
8,722,Economy,2025-10-27,1172.33,Confirmed
5,589,Premium,2025-10-10,2219.52,Confirmed
8,542,Business,2025-10-16,2323.13,Confirmed
33,596,Business,2025-10-15,2154.75,Cancelled
45,245,Premium,2025-10-20,142.21,Pending
31,335,Premium,2025-11-14,737.32,Confirmed
38,168,Business,2025-10-03,701.07,Pending
10,65,Premium,2025-10-27,2029.63,Cancelled
35,586,Business,2025-10-18,1479.5,Pending
42,819,Business,2025-10-09,1857.78,Pending
48,252,Business,2025-11-06,1350.6,Pending
5,525,Economy,2025-11-13,1566.28,Confirmed
42,4,Economy,2025-10-08,1412.28,Pending
37,77,Economy,2025-10-17,322.6,Confirmed
49,152,Business,2025-10-03,2173.32,Confirmed
32,629,Premium,2025-10-20,429.82,Pending
23,1076,Business,2025-10-03,947.42,Pending
16,1034,Business,2025-10-05,2873.46,Pending
1,933,Premium,2025-11-04,320.17,Confirmed
20,857,Business,2025-10-16,1608.92,Confirmed
37,926,Premium,2025-10-22,399.53,Pending
40,982,Business,2025-10-11,753.36,Pending
23,161,,2025-10-14,1033.66,Pending
25,259,Economy,2025-11-01,2974.46,Confirmed
7,341,Economy,2025-11-04,1113.26,Pending
25,1063,Premium,2025-11-05,2389.83,Confirmed
8,1042,Economy,2025-11-07,2240.05,Confirmed
38,955,Business,2025-10-31,1101.31,Confirmed
30,752,Business,2025-11-09,1232.67,Confirmed
17,336,Economy,2025-11-14,166.28,Confirmed
2,541,Business,2025-10-29,2883.2,Confirmed
11,1079,Economy,2025-10-11,2930.81,Pending
29,572,Premium,2025-10-24,922.46,Pending
10,712,Premium,2025-10-14,858.77,Confirmed
16,1013,Economy,2025-11-01,1834.97,Confirmed
12,17,Business,2025-10-22,867.91,Confirmed
4,387,Business,2025-11-15,1546.11,Confirmed
50,155,Economy,2025-11-05,2305.18,Confirmed
5,86,Business,2025-11-15,2321.71,Confirmed
26,878,Business,2025-10-22,1811.66,Pending
2,229,Business,2025-10-04,2691.19,Confirmed
25,399,,2025-11-03,2395.36,Confirmed
23,107,Economy,2025-10-20,1582.6,Pending
8,729,Premium,2025-11-09,1218.65,Confirmed
3,368,Economy,2025-10-27,236.66,Confirmed
44,396,,2025-10-26,332.4,Pending
25,311,Premium,2025-11-16,1982.35,Confirmed
42,675,Premium,2025-11-08,1080.23,Confirmed
12,403,Economy,2025-11-06,761.44,Pending
3,279,Premium,2025-10-23,386.29,Cancelled
35,984,Premium,2025-10-25,2432.74,Confirmed
28,1008,Business,2025-11-13,2251.94,Confirmed
27,67,Business,2025-10-27,727.76,Pending
26,90,Premium,2025-10-29,2715.51,Confirmed
37,248,Business,2025-10-07,2824.69,Confirmed
11,501,Business,2025-10-12,2354.12,Confirmed
27,1079,Economy,2025-10-10,2163.2,Confirmed
19,953,,2025-10-19,990.48,Confirmed
12,1051,Premium,2025-11-04,925.11,Confirmed
30,638,Premium,2025-11-01,2407.42,Pending
49,906,Premium,2025-11-02,962.46,Confirmed
39,426,Premium,2025-11-12,812.2,Confirmed
34,756,Premium,2025-11-06,2746.82,Confirmed
4,714,Business,2025-11-09,1573.37,Cancelled
30,239,Business,2025-10-06,1657.66,Pending
36,286,Economy,2025-11-01,1648.77,Confirmed
47,477,Premium,2025-10-05,383.21,Confirmed
30,407,Economy,2025-10-08,1004.07,Confirmed
22,164,Economy,2025-11-12,986.87,Confirmed
31,952,Business,2025-10-05,973.66,Confirmed
25,940,Premium,2025-10-09,2776.7,Confirmed
2,670,Premium,2025-10-31,1940.72,Cancelled
27,842,Premium,2025-10-09,213.52,Confirmed
18,714,Economy,2025-10-10,2043.1,Pending
32,534,Premium,2025-10-05,1909.49,Confirmed
22,467,Business,2025-10-28,2267.44,Confirmed
20,132,Business,2025-11-12,2141.8,Pending
19,949,Business,2025-10-11,1985.46,Pending
6,749,Premium,2025-10-07,2471.4,Cancelled
43,625,Business,2025-11-06,1861.77,Confirmed
26,661,Business,2025-10-09,625.17,Pending
27,561,Premium,2025-10-08,2230.01,Confirmed
31,1014,Premium,2025-11-07,911.54,Pending
28,175,Economy,2025-10-01,2024.68,Confirmed
35,590,Economy,2025-10-31,1141.92,Pending
47,792,Business,2025-10-24,1186.38,Confirmed
26,603,Premium,2025-10-23,2497.3,Confirmed
35,887,Economy,2025-11-11,1157.58,Pending
11,168,Business,2025-11-03,2738.76,Confirmed
17,856,Business,2025-10-18,919.83,Pending
38,1013,Economy,2025-11-03,2236.27,Confirmed
4,232,Business,2025-11-07,2948.7,Confirmed
14,555,Business,2025-10-01,692.36,Confirmed
3,771,Economy,2025-10-16,394.75,Cancelled
1,905,Economy,2025-10-24,2409.09,Pending
43,478,Premium,2025-11-14,1483.46,Pending
42,439,Business,2025-11-14,586.37,Confirmed
23,873,,2025-10-09,1194.23,Confirmed
5,657,Premium,2025-10-18,2040.56,Pending
19,759,Business,2025-11-07,195.04,Confirmed
9,209,Economy,2025-10-18,934.82,Confirmed
3,204,Premium,2025-10-01,1647.47,Confirmed
50,30,Economy,2025-10-10,2730.34,Confirmed
38,674,Premium,2025-10-04,1200.88,Pending
19,796,Economy,2025-11-06,1449.97,Confirmed
39,143,Business,2025-10-14,2616.26,Confirmed
1,715,Business,2025-11-14,2560.44,Confirmed
37,685,Business,2025-11-15,2440.05,Confirmed
5,159,Business,2025-11-16,1089.15,Confirmed
45,779,Economy,2025-10-26,1695.63,Confirmed
26,642,Economy,2025-10-31,1854.77,Confirmed
15,564,Business,2025-10-24,1301.91,Pending
11,868,Premium,2025-10-05,597.46,Pending
13,158,Premium,2025-10-20,170.18,Pending
27,394,Business,2025-10-03,1411.64,Confirmed
11,360,Economy,2025-11-11,2916.76,Cancelled
13,62,Business,2025-11-13,2371.9,Confirmed
33,500,Premium,2025-10-28,868.39,Confirmed
33,264,Economy,2025-10-31,2645.63,Confirmed
3,841,Business,2025-10-23,400.83,Confirmed
7,566,Premium,2025-10-16,420.74,Confirmed
26,134,Premium,2025-11-16,2762.65,Pending
9,522,Business,2025-10-15,2777.48,Confirmed
8,481,,2025-11-01,2879.7,Confirmed
44,556,Business,2025-10-07,2725.65,Confirmed
22,564,Premium,2025-10-25,1821.76,Confirmed
35,848,Business,2025-10-12,2630.15,Pending
46,137,Premium,2025-11-07,2535.27,Confirmed
35,786,Economy,2025-10-03,1929.3,Confirmed
40,762,Economy,2025-11-02,627.89,Pending
48,622,,2025-11-15,1105.32,Pending
22,633,Economy,2025-11-05,1796.12,Confirmed
3,619,Economy,2025-11-08,1057.76,Confirmed
50,340,Business,2025-11-08,829.89,Confirmed
5,50,Economy,2025-10-05,469.15,Confirmed
33,708,Business,2025-10-27,2785.08,Confirmed
40,232,Economy,2025-10-27,808.47,Confirmed
35,755,Premium,2025-11-14,571.82,Pending
44,666,Premium,2025-10-12,471.32,Confirmed
29,375,Premium,2025-10-22,751.82,Pending
38,236,Premium,2025-11-05,1882.58,Pending
8,622,Business,2025-10-31,2516.78,Pending
19,990,Economy,2025-11-09,1247.37,Confirmed
6,125,Economy,2025-11-09,628.33,Confirmed
47,270,Business,2025-10-02,2385.48,Confirmed
39,415,Business,2025-11-07,2497.17,Confirmed
49,408,,2025-11-09,2267.87,Confirmed
6,1097,Economy,2025-10-12,1767.08,Confirmed
50,917,Premium,2025-11-08,1590.28,Confirmed
23,880,Economy,2025-10-11,1624.23,Confirmed
42,986,Economy,2025-11-14,494.89,Pending
29,443,Premium,2025-10-30,2338.61,Pending
4,235,Business,2025-10-24,1971.65,Confirmed
43,703,,2025-11-14,528.74,Pending
2,565,Premium,2025-10-25,2053.18,Pending
16,261,Premium,2025-11-13,731.06,Confirmed
31,666,Premium,2025-10-21,836.74,Confirmed
18,1080,Economy,2025-10-12,2025.42,Confirmed
36,327,Economy,2025-10-29,1932.73,Confirmed
25,803,Business,2025-10-10,1810.7,Pending
43,1041,Economy,2025-10-01,1719.11,Confirmed
27,885,Economy,2025-11-07,1755.73,Confirmed
47,387,Premium,2025-10-24,2103.19,Pending
40,554,Economy,2025-11-14,1388.09,Pending
28,157,Business,2025-10-12,2136.21,Confirmed
1,439,Premium,2025-10-07,2466.26,Confirmed
3,100,Premium,2025-10-07,1706.54,Pending
1,476,Premium,2025-11-04,843.14,Confirmed
20,405,Business,2025-11-14,2874.6,Confirmed
7,764,Economy,2025-11-12,2119.26,Confirmed
26,949,Economy,2025-10-11,1590.16,Confirmed
48,875,Economy,2025-10-24,518.52,Confirmed
33,101,Business,2025-10-26,1316.94,Confirmed
4,753,Economy,2025-10-25,1817.44,Confirmed
46,1016,Premium,2025-11-13,2264.26,Confirmed
27,292,Premium,2025-10-25,2174.41,Confirmed
20,831,Business,2025-10-29,710.11,Confirmed
46,544,Economy,2025-11-12,1120.57,Cancelled
20,161,Business,2025-10-02,2609.22,Confirmed
30,231,Business,2025-10-01,229.18,Confirmed
6,540,Economy,2025-10-03,869.49,Pending
42,407,Premium,2025-10-04,281.39,Confirmed
41,902,Premium,2025-11-08,2817.53,Pending
34,220,Premium,2025-10-02,968.13,Confirmed
20,1067,Business,2025-10-18,190.75,Confirmed
20,1080,Premium,2025-10-02,2555.65,Confirmed
29,208,Business,2025-10-06,1041.4,Pending
41,239,Premium,2025-10-18,2973.18,Pending
36,358,Economy,2025-10-13,2725.34,Confirmed
47,533,Business,2025-10-06,972.28,Confirmed
42,866,Premium,2025-10-23,1485.01,Pending
20,942,Economy,2025-11-10,2872.99,Confirmed
22,445,Economy,2025-10-31,2959.89,Confirmed
8,29,Business,2025-10-18,535.31,Confirmed
36,85,Business,2025-11-14,2512.15,Confirmed
13,793,Premium,2025-10-25,390.59,Confirmed
32,23,Economy,2025-11-12,515.78,Confirmed
2,982,Economy,2025-11-07,1326.54,Pending
19,435,Business,2025-11-15,2298.13,Confirmed
29,502,Economy,2025-10-08,2320.19,Confirmed
6,379,Business,2025-10-09,356.76,Pending
15,551,Business,2025-10-15,2687.08,Confirmed
22,685,Premium,2025-10-11,2323.24,Confirmed
40,474,Business,2025-10-26,2789.76,Confirmed
34,383,Business,2025-11-16,1262.93,Confirmed
17,1049,Premium,2025-10-12,2162.28,Pending
47,513,Economy,2025-10-07,1255.49,Confirmed
10,1020,Premium,2025-11-16,204.83,Confirmed
48,1,Economy,2025-11-09,1823.87,Confirmed
34,126,Premium,2025-11-13,415.6,Confirmed
27,925,Premium,2025-11-12,2519.97,Confirmed
45,247,Premium,2025-10-19,195.58,Pending
39,1045,Business,2025-11-15,1192.32,Confirmed
6,769,Business,2025-10-06,1369.45,Confirmed
13,873,Business,2025-11-07,854.64,Pending
2,925,Premium,2025-11-08,1158.82,Pending
28,666,Business,2025-10-11,2146.43,Cancelled
1,697,Business,2025-10-29,2464.45,Confirmed
15,14,,2025-10-01,2980.09,Confirmed
11,814,Premium,2025-11-12,1949.03,Cancelled
19,1015,Premium,2025-10-05,2947.31,Confirmed
40,949,Premium,2025-11-03,887.2,Confirmed
3,673,Economy,2025-11-07,435.81,Confirmed
34,1093,,2025-11-07,2908.02,Cancelled
1,223,Business,2025-11-06,216.64,Confirmed
11,793,Premium,2025-11-12,1458.29,Pending
18,719,Business,2025-10-27,1546.9,Confirmed
21,778,Business,2025-10-24,1925.61,Confirmed
33,614,Premium,2025-11-10,988.28,Pending
24,414,Premium,2025-11-11,2312.04,Pending
11,413,Premium,2025-10-20,1736.97,Pending
26,166,,2025-11-14,2335.95,Pending
26,104,Business,2025-10-21,2100.84,Confirmed
35,30,Premium,2025-11-05,1462.73,Pending
21,183,Business,2025-11-16,1764.49,Confirmed
33,325,Business,2025-11-04,2527.24,Confirmed
12,661,Economy,2025-10-01,336.57,Confirmed
14,656,Premium,2025-10-29,2644.58,Confirmed
17,224,Premium,2025-10-11,2597.83,Confirmed
46,1033,Business,2025-11-08,1992.43,Confirmed
1,896,Business,2025-10-01,1276.48,Pending
29,919,Business,2025-11-11,1415.26,Confirmed
29,494,Business,2025-11-02,1559.4,Confirmed
43,467,Economy,2025-10-02,1603.55,Confirmed
22,676,Economy,2025-10-07,1143.05,Pending
46,1066,Business,2025-11-16,1356.33,Confirmed
48,209,Premium,2025-11-06,959.2,Cancelled
15,241,Economy,2025-11-16,1106.43,Confirmed
9,813,,2025-10-24,2375.89,Confirmed
31,637,Business,2025-11-08,1942.89,Confirmed
32,698,Economy,2025-11-03,1178.41,Confirmed
16,659,Business,2025-10-18,1565.37,Confirmed
47,550,Business,2025-10-08,2248.01,Pending
44,680,,2025-11-07,569.24,Pending
1,535,Economy,2025-10-21,1953.71,Confirmed
26,84,Premium,2025-10-20,1794.5,Pending
45,502,Business,2025-11-12,1165.51,Pending
19,213,Premium,2025-11-11,979.5,Confirmed
45,672,Business,2025-11-15,1140.68,Confirmed
38,830,Premium,2025-11-13,404.18,Confirmed
6,39,Premium,2025-10-28,2779.57,Confirmed
17,69,Economy,2025-11-12,1846.26,Confirmed
28,646,Business,2025-10-28,1415.7,Confirmed
4,53,Premium,2025-10-25,1073.12,Pending
24,846,Premium,2025-11-03,2676.38,Confirmed
40,651,Business,2025-10-23,1116.92,Confirmed
29,850,Business,2025-11-07,593.42,Confirmed
30,521,Premium,2025-10-01,1450.72,Confirmed
32,787,Economy,2025-10-11,326.78,Confirmed
38,366,Business,2025-10-07,277.16,Confirmed
39,276,Business,2025-10-03,655.94,Cancelled
33,263,Economy,2025-10-19,2135.02,Confirmed
20,26,Economy,2025-11-05,1760.48,Confirmed
47,790,Economy,2025-10-19,1474.39,Confirmed
30,362,Economy,2025-11-13,881.39,Confirmed
49,117,Business,2025-10-27,720.96,Confirmed
3,1035,Business,2025-11-15,2111.79,Confirmed
38,86,Economy,2025-10-25,2765.06,Confirmed
38,639,,2025-11-10,2183.31,Confirmed
22,1095,Premium,2025-10-14,228.87,Confirmed
48,204,Business,2025-11-08,2449.22,Confirmed
31,848,Economy,2025-10-19,1046.62,Pending
4,251,Business,2025-11-08,2157.45,Confirmed
24,694,Economy,2025-10-17,2973.56,Confirmed
50,365,Business,2025-10-10,1065.03,Confirmed
5,122,Business,2025-10-30,189.14,Confirmed
11,428,Premium,2025-11-15,1543.92,Pending
45,145,Economy,2025-10-14,809.81,Pending
32,588,Economy,2025-10-21,656.66,Confirmed
17,1027,Economy,2025-10-22,1522.77,Confirmed
48,914,Economy,2025-10-15,1920.06,Confirmed
6,825,Premium,2025-11-12,2477.19,Confirmed
36,1090,Economy,2025-11-02,101.04,Confirmed
7,443,Premium,2025-10-19,2579.66,Confirmed
10,281,Economy,2025-10-09,1653.17,Confirmed
35,202,Premium,2025-11-04,2685.65,Confirmed
10,933,Economy,2025-10-07,165.81,Confirmed
19,654,Business,2025-11-04,1462.35,Pending
46,244,Premium,2025-10-29,1378.66,Confirmed
42,484,Premium,2025-10-21,582.42,Confirmed
22,640,Premium,2025-11-04,2079.48,Pending
34,657,Economy,2025-11-12,1155.03,Confirmed
47,119,Business,2025-10-07,1220.71,Confirmed
30,418,Premium,2025-11-06,1805.56,Pending
44,905,Economy,2025-11-12,2938.19,Confirmed
31,858,Economy,2025-10-01,2904.79,Confirmed
31,9,Economy,2025-10-18,861.62,Confirmed
34,983,Premium,2025-10-05,1086.81,Confirmed
6,1013,Premium,2025-10-27,2142.72,Pending
31,802,Economy,2025-10-29,336.04,Confirmed
2,65,Premium,2025-10-15,1625.41,Confirmed
13,39,Economy,2025-10-17,1818.57,Confirmed
38,710,Premium,2025-11-08,450.94,Pending
17,918,Business,2025-10-21,2245.68,Confirmed
9,555,Business,2025-11-07,1339.83,Confirmed
38,777,Business,2025-11-14,1121.14,Confirmed
44,155,Business,2025-10-20,1074.45,Confirmed
26,118,Premium,2025-10-22,2854.35,Pending
22,576,Economy,2025-10-31,1122.84,Pending
1,819,Business,2025-11-15,1469.92,Confirmed
13,43,Economy,2025-11-02,344.88,Confirmed
22,112,Business,2025-10-18,2415.24,Confirmed
9,551,Economy,2025-11-07,381.26,Pending
15,1044,Premium,2025-10-03,1818.22,Pending
48,80,Economy,2025-10-31,2682.19,Confirmed
50,13,Business,2025-10-30,2625.05,Pending
36,892,Premium,2025-11-01,2312.54,Cancelled
8,822,Premium,2025-10-30,1265.57,Confirmed
4,667,Economy,2025-10-01,1321.94,Cancelled
24,774,Business,2025-10-11,2219.86,Confirmed
36,230,Economy,2025-10-21,2851.23,Cancelled
14,175,Premium,2025-10-31,959.22,Confirmed
37,48,Business,2025-10-28,2851.81,Confirmed
7,826,Economy,2025-10-15,632.67,Pending
18,857,Economy,2025-10-23,1756.18,Confirmed
39,844,Premium,2025-10-16,1653.36,Confirmed
30,421,Economy,2025-10-28,1116.95,Pending
12,418,Business,2025-10-15,1082.57,Pending
50,549,Economy,2025-11-03,2426.26,Confirmed
50,199,Economy,2025-10-09,1283.68,Cancelled
26,1084,,2025-10-31,2047.98,Pending
31,1091,Economy,2025-10-25,2616.07,Confirmed
43,137,Economy,2025-11-06,762.66,Pending
25,835,Economy,2025-11-13,1019.45,Pending
44,713,Premium,2025-10-20,108.71,Confirmed
39,981,Premium,2025-10-20,1377.17,Confirmed
10,847,Premium,2025-10-02,814.69,Pending
17,79,Economy,2025-11-01,671.78,Pending
24,526,Premium,2025-10-30,1843.15,Confirmed
22,958,Premium,2025-10-26,1299.18,Confirmed
13,1065,Business,2025-10-22,1459.28,Confirmed
42,375,Business,2025-10-16,390.64,Confirmed
40,276,Economy,2025-11-08,642.66,Confirmed
8,68,Premium,2025-11-16,2191.29,Confirmed
40,966,Economy,2025-11-12,612.06,Pending
46,486,Economy,2025-10-29,2580.65,Confirmed
33,97,Business,2025-10-03,2596.88,Pending
48,671,Business,2025-11-01,1072.72,Pending
22,718,Premium,2025-11-06,1969.11,Confirmed
14,1095,Business,2025-11-01,161.12,Confirmed
21,685,Economy,2025-10-13,2398.3,Pending
27,978,Premium,2025-10-26,2503.33,Confirmed
18,727,Premium,2025-11-16,2248.28,Confirmed
49,638,Economy,2025-11-04,1213.66,Confirmed
32,97,Business,2025-11-09,261.94,Confirmed
19,939,Business,2025-11-11,2269.02,Confirmed
18,875,Business,2025-10-17,622.22,Pending
34,89,Business,2025-10-26,2404.46,Pending
44,871,Economy,2025-10-09,1050.71,Pending
4,464,Economy,2025-11-07,2113.43,Confirmed
10,696,Economy,2025-10-19,2681.53,Pending
6,315,Business,2025-11-04,744.45,Confirmed
21,906,Economy,2025-10-23,237.73,Confirmed
29,415,Business,2025-11-14,2154.14,Pending
42,127,Economy,2025-11-12,1388.36,Confirmed
10,49,Business,2025-10-19,1841.86,Confirmed
4,316,Premium,2025-11-16,1806.13,Confirmed
2,251,Premium,2025-10-15,1188.79,Confirmed
31,697,Premium,2025-11-07,2476.72,Confirmed
29,987,Economy,2025-10-28,276.31,Confirmed
34,573,Business,2025-11-03,485.59,Confirmed
41,368,Premium,2025-10-22,714.64,Confirmed
33,660,Economy,2025-10-01,834.58,Pending
49,167,Business,2025-10-30,1221.24,Confirmed
9,318,Economy,2025-10-08,1210.27,Confirmed
28,846,Business,2025-11-16,2332.46,Confirmed
40,710,Business,2025-10-13,346.64,Confirmed
45,745,Business,2025-10-01,880.46,Pending
35,12,Business,2025-10-08,2638.09,Pending
46,831,Business,2025-10-14,965.46,Confirmed
26,503,Premium,2025-10-06,869.07,Confirmed
47,980,,2025-10-23,2692.02,Confirmed
9,493,Business,2025-10-14,288.28,Cancelled
30,737,Business,2025-11-05,819.37,Confirmed
35,1037,Economy,2025-11-03,2279.14,Pending
28,864,Business,2025-11-12,592.02,Pending
41,900,Business,2025-11-12,1106.3,Confirmed
8,1074,Business,2025-10-30,2935.71,Confirmed
13,1048,Premium,2025-10-19,2640.32,Confirmed
17,1099,Economy,2025-11-06,1642.37,Confirmed
5,925,Economy,2025-10-21,321.03,Pending
33,388,Premium,2025-10-15,1305.32,Confirmed
46,694,Business,2025-10-26,2328.09,Confirmed
20,705,Economy,2025-10-06,2079.86,Pending
11,553,Premium,2025-11-04,1092.99,Confirmed
2,406,Economy,2025-10-31,2752.25,Pending
5,114,Economy,2025-10-29,753.83,Confirmed
28,795,Premium,2025-10-20,2211.97,Confirmed
26,270,Business,2025-10-04,2901.0,Cancelled
27,143,Premium,2025-11-10,342.85,Confirmed
13,34,Economy,2025-10-23,2773.08,Confirmed
27,1077,Premium,2025-10-07,1288.66,Pending
29,1031,Business,2025-10-18,238.04,Confirmed
23,895,Premium,2025-10-24,2334.02,Confirmed
42,1,Business,2025-11-14,478.18,Confirmed
18,685,Economy,2025-11-06,1314.97,Pending
12,1023,Premium,2025-11-15,2772.87,Pending
3,43,,2025-10-15,234.6,Confirmed
25,319,Premium,2025-11-08,1739.04,Confirmed
4,799,Economy,2025-10-11,1245.42,Confirmed
43,366,Economy,2025-10-21,1962.41,Confirmed
14,159,Business,2025-10-03,450.53,Confirmed
5,993,Premium,2025-10-11,1135.56,Pending
20,753,Premium,2025-11-12,201.5,Confirmed
1,165,Business,2025-10-17,289.5,Confirmed
29,922,Premium,2025-10-19,2908.22,Pending
8,183,Business,2025-11-07,1861.62,Confirmed
3,1029,Economy,2025-11-11,2807.31,Confirmed
11,1064,Premium,2025-11-12,1200.42,Confirmed
34,842,Business,2025-11-05,1988.83,Confirmed
48,166,,2025-11-06,1402.0,Confirmed
9,674,Economy,2025-11-14,577.63,Confirmed
35,1006,Economy,2025-10-06,1921.34,Confirmed
7,992,Economy,2025-10-08,162.93,Confirmed
46,229,Business,2025-11-06,1296.55,Pending
23,564,Economy,2025-10-08,1941.37,Cancelled
27,1097,Economy,2025-10-10,1294.9,Confirmed
10,1026,,2025-10-21,2698.01,Confirmed
1,10,Premium,2025-10-23,2876.17,Confirmed
50,287,Premium,2025-11-12,2327.02,Confirmed
21,454,Economy,2025-10-09,2672.78,Pending
27,1025,Premium,2025-11-09,1749.33,Pending
27,935,Premium,2025-11-05,2372.08,Confirmed
23,468,Premium,2025-10-14,1218.55,Confirmed
5,899,Premium,2025-10-30,715.78,Confirmed
22,246,Premium,2025-11-10,122.31,Confirmed
34,802,Premium,2025-10-09,2222.56,Confirmed
14,67,Business,2025-10-04,1990.76,Confirmed
50,624,Business,2025-10-12,2257.05,Pending
48,179,Premium,2025-11-15,411.82,Confirmed
43,475,Premium,2025-10-17,352.11,Confirmed
22,538,Premium,2025-11-11,2428.79,Confirmed
14,115,Economy,2025-10-28,2760.63,Confirmed
44,852,Premium,2025-10-26,1960.59,Confirmed
27,1051,Business,2025-10-09,1872.76,Confirmed
17,743,Premium,2025-10-07,2673.19,Confirmed
13,686,Business,2025-10-08,2831.56,Confirmed
38,525,Business,2025-11-15,1337.79,Confirmed
15,629,Premium,2025-10-08,2917.76,Pending
16,949,Premium,2025-10-16,215.21,Confirmed
26,973,Business,2025-11-07,1673.12,Pending
50,944,Premium,2025-10-23,1947.93,Confirmed
46,802,Premium,2025-10-15,2530.49,Confirmed
33,971,Economy,2025-11-03,1038.1,Pending
39,445,Economy,2025-10-30,1946.97,Pending
13,172,Economy,2025-11-09,2827.2,Confirmed
43,618,Business,2025-11-03,2321.51,Confirmed
47,730,Business,2025-10-24,2414.92,Confirmed
21,39,Economy,2025-11-03,687.3,Confirmed
29,588,Economy,2025-10-29,882.9,Confirmed
31,1079,Premium,2025-11-05,987.32,Confirmed
46,424,Premium,2025-10-09,1046.4,Confirmed
27,839,Economy,2025-10-17,2973.53,Pending
44,247,Economy,2025-11-05,1161.16,Confirmed
35,707,Economy,2025-10-27,2456.13,Pending
49,925,Premium,2025-10-10,503.68,Confirmed
29,1098,Business,2025-10-22,1367.97,Confirmed
34,70,Business,2025-10-04,1571.11,Confirmed
41,916,,2025-11-16,303.82,Confirmed
10,264,Premium,2025-11-04,1571.25,Confirmed
34,241,Economy,2025-10-29,2091.5,Confirmed
10,185,Premium,2025-11-09,1548.61,Pending
16,93,Premium,2025-10-20,1154.3,Cancelled
20,786,Business,2025-10-05,1755.38,Confirmed
22,28,Premium,2025-11-01,1773.91,Confirmed
12,974,Premium,2025-10-30,2473.27,Confirmed
25,222,Economy,2025-11-13,1133.71,Confirmed
9,827,Premium,2025-11-07,1197.59,Confirmed
42,643,Premium,2025-10-12,1956.62,Confirmed
8,67,Premium,2025-10-27,1927.92,Confirmed
44,99,Economy,2025-11-11,2766.92,Pending
35,263,Economy,2025-10-09,126.05,Confirmed
16,383,Business,2025-10-25,1158.37,Confirmed
31,323,Premium,2025-11-11,844.98,Cancelled
41,522,Economy,2025-10-26,1193.54,Confirmed
35,334,Business,2025-10-07,2126.2,Cancelled
20,104,Economy,2025-11-15,2543.95,Confirmed
32,79,Premium,2025-10-20,2285.55,Cancelled
50,912,Business,2025-10-15,644.34,Confirmed
14,888,Premium,2025-11-09,2754.16,Confirmed
23,3,Business,2025-11-06,1207.78,Confirmed
21,111,Economy,2025-10-25,2727.4,Confirmed
42,262,Business,2025-10-05,1286.45,Confirmed
6,669,Business,2025-10-31,338.53,Confirmed
22,646,Premium,2025-11-16,2259.3,Confirmed
36,764,Premium,2025-10-16,387.63,Pending
44,11,Premium,2025-10-14,2190.15,Pending
14,384,Business,2025-10-03,1711.55,Pending
10,347,Economy,2025-10-06,2441.58,Confirmed
6,227,Economy,2025-10-21,1492.59,Confirmed
9,58,Economy,2025-11-06,1204.78,Pending
50,957,Business,2025-10-19,950.62,Cancelled
40,910,Premium,2025-11-07,1798.41,Cancelled
28,651,Premium,2025-10-19,1100.8,Confirmed
38,699,Business,2025-10-15,723.85,Cancelled
7,884,Premium,2025-10-08,1243.17,Pending
30,760,Premium,2025-10-24,2532.78,Confirmed
2,146,Premium,2025-11-03,1845.08,Confirmed
9,335,Premium,2025-10-21,248.79,Pending
26,678,Business,2025-10-07,1135.07,Pending
27,540,Business,2025-10-31,1087.84,Pending
36,611,Business,2025-10-13,1725.27,Pending
44,56,Economy,2025-10-09,2349.56,Confirmed
18,826,Business,2025-10-18,2598.45,Pending
35,714,Premium,2025-10-31,197.89,Confirmed
6,436,Business,2025-10-11,2074.7,Pending
27,586,Business,2025-11-09,2679.22,Confirmed
47,587,Business,2025-11-06,1516.62,Confirmed
4,496,Business,2025-11-02,873.43,Confirmed
6,415,Economy,2025-10-11,2060.63,Confirmed
32,409,Premium,2025-10-10,1643.48,Pending
36,224,Premium,2025-11-02,2281.07,Confirmed
11,997,Premium,2025-10-28,1933.02,Confirmed
16,298,Business,2025-10-12,880.92,Confirmed
4,807,Business,2025-11-09,2933.31,Pending
47,449,Economy,2025-10-17,2918.8,Pending
26,1095,Business,2025-10-30,2960.96,Pending
2,992,,2025-11-16,1564.63,Confirmed
40,326,Economy,2025-10-16,904.74,Confirmed
49,882,Business,2025-10-12,1065.79,Confirmed
14,492,Premium,2025-10-07,1151.04,Confirmed
1,25,Premium,2025-10-23,2466.51,Pending
43,171,Business,2025-10-07,1759.64,Pending
11,639,Business,2025-11-02,578.63,Pending
1,12,Economy,2025-11-10,2957.54,Confirmed
29,943,Premium,2025-11-16,2520.98,Confirmed
33,919,Premium,2025-11-04,462.44,Confirmed
30,954,Business,2025-10-25,1975.29,Confirmed
2,202,Economy,2025-11-11,1662.08,Confirmed
16,688,Premium,2025-11-08,1022.25,Confirmed
24,925,Economy,2025-10-01,2972.01,Confirmed
8,506,Business,2025-10-09,1988.47,Confirmed
9,854,Business,2025-10-24,2422.57,Confirmed
31,498,Business,2025-10-03,451.2,Confirmed
6,673,Business,2025-10-25,709.08,Confirmed
5,1035,Business,2025-10-07,2963.53,Confirmed
6,109,,2025-10-10,1188.13,Confirmed
4,763,Economy,2025-10-16,1813.28,Confirmed
24,964,Business,2025-10-22,182.89,Confirmed
47,1045,Premium,2025-10-09,1998.42,Pending
5,349,Economy,2025-10-24,1059.33,Confirmed
37,831,Economy,2025-10-06,1441.35,Confirmed
19,912,Premium,2025-11-05,479.12,Pending
47,649,Premium,2025-11-13,1801.26,Confirmed
3,321,Economy,2025-10-23,1875.43,Cancelled
3,191,Business,2025-10-08,2375.62,Cancelled
36,177,Premium,2025-10-16,1158.76,Pending
45,52,Business,2025-10-22,2231.29,Confirmed
2,478,Business,2025-11-13,1682.16,Confirmed
35,126,Business,2025-11-05,2970.75,Confirmed
29,181,Economy,2025-11-12,1266.48,Confirmed
11,167,Business,2025-10-07,610.64,Pending
11,1093,Economy,2025-10-27,1099.25,Pending
26,405,Economy,2025-10-11,948.83,Confirmed
39,929,Business,2025-10-21,169.37,Cancelled
26,1046,Economy,2025-11-02,2010.26,Confirmed
15,958,Economy,2025-11-09,2630.64,Confirmed
35,103,Economy,2025-10-18,1559.24,Confirmed
14,559,Premium,2025-10-16,306.39,Confirmed
23,369,Economy,2025-10-26,821.31,Confirmed
31,1037,Premium,2025-10-27,1565.42,Confirmed
37,586,Premium,2025-10-06,2780.74,Confirmed
16,979,Business,2025-10-18,2109.89,Pending
17,123,Economy,2025-10-18,2748.9,Confirmed
37,62,Business,2025-10-02,1874.46,Confirmed
41,942,Premium,2025-10-29,1619.61,Confirmed
6,170,Business,2025-10-13,2686.03,Confirmed
15,1035,Economy,2025-10-23,2882.11,Confirmed
40,648,Premium,2025-10-30,2188.41,Confirmed
9,577,Business,2025-11-04,1364.0,Confirmed
39,650,Premium,2025-10-26,163.92,Confirmed
37,449,Premium,2025-11-15,1610.74,Confirmed
17,803,Economy,2025-10-11,1817.45,Pending
6,290,Business,2025-10-23,169.9,Confirmed
50,719,Premium,2025-10-04,586.36,Confirmed
24,523,Economy,2025-10-16,837.18,Pending
20,102,Business,2025-10-13,1361.2,Confirmed
47,947,Economy,2025-10-11,2942.41,Cancelled
44,345,Business,2025-11-10,985.47,Confirmed
7,862,Premium,2025-10-26,2816.81,Confirmed
32,733,Premium,2025-10-24,382.32,Confirmed
27,703,Economy,2025-10-13,2557.41,Confirmed
34,837,Premium,2025-11-15,2718.58,Confirmed
41,62,Business,2025-11-05,1976.11,Confirmed
27,52,Economy,2025-10-08,1974.97,Confirmed
8,922,Premium,2025-10-25,2287.76,Pending
23,144,Premium,2025-11-06,1188.74,Pending
30,580,Business,2025-10-22,1227.27,Confirmed
6,539,Business,2025-10-25,2602.41,Confirmed
15,836,Premium,2025-11-15,2786.96,Confirmed
22,517,Premium,2025-10-15,118.62,Pending
13,133,Business,2025-11-05,169.12,Confirmed
30,732,,2025-10-27,2146.06,Cancelled
39,542,Economy,2025-10-31,2649.07,Pending
33,547,Business,2025-10-29,781.14,Confirmed
33,900,Business,2025-10-29,2121.02,Pending
1,1039,Economy,2025-10-13,328.41,Pending
30,297,Business,2025-10-02,2915.88,Confirmed
25,568,,2025-11-06,864.13,Cancelled
11,138,Business,2025-10-16,1509.03,Pending
20,818,Economy,2025-10-17,2502.74,Cancelled
28,342,Economy,2025-10-02,1381.38,Cancelled
49,507,Premium,2025-10-15,1513.25,Pending
4,739,Business,2025-10-17,305.22,Confirmed
18,216,Premium,2025-10-29,1447.46,Confirmed
17,1063,Premium,2025-11-13,2625.84,Pending
26,50,Business,2025-11-04,2469.7,Confirmed
13,35,Business,2025-10-13,1423.11,Confirmed
30,976,Premium,2025-11-03,2901.04,Pending
10,539,Premium,2025-11-06,1075.28,Confirmed
29,215,Premium,2025-10-21,803.48,Pending
26,31,Premium,2025-10-28,2647.77,Confirmed
9,265,Premium,2025-10-31,1436.86,Confirmed
2,1075,Premium,2025-10-17,706.8,Confirmed
6,1057,Premium,2025-10-16,1775.29,Confirmed
9,964,Business,2025-10-25,1909.9,Confirmed
33,313,Economy,2025-11-04,1008.57,Pending
25,257,Economy,2025-10-30,2073.63,Confirmed
18,581,Economy,2025-10-10,470.79,Confirmed
36,921,Premium,2025-10-15,2606.68,Confirmed
18,789,Premium,2025-10-05,308.6,Pending
6,308,Premium,2025-11-06,1417.14,Confirmed
49,473,Business,2025-10-06,1028.27,Pending
37,288,,2025-10-01,2404.03,Confirmed
35,788,Premium,2025-10-07,2925.82,Confirmed
24,777,Premium,2025-10-16,2250.83,Pending
28,453,Premium,2025-11-07,1888.37,Confirmed
15,950,Premium,2025-11-15,2362.31,Confirmed
40,332,Economy,2025-11-02,1127.07,Pending
36,378,Premium,2025-10-08,1692.62,Confirmed
16,533,Business,2025-10-16,686.49,Confirmed
2,486,Business,2025-11-07,2236.59,Confirmed
22,698,Premium,2025-10-21,155.61,Confirmed
30,282,Premium,2025-11-14,1076.48,Confirmed
39,115,Economy,2025-11-03,1425.15,Cancelled
29,964,Economy,2025-11-05,2181.64,Confirmed
15,824,Business,2025-10-14,1247.5,Pending
1,1017,Premium,2025-11-06,599.13,Pending
1,123,Economy,2025-10-10,622.93,Confirmed
26,1051,Business,2025-10-12,2577.46,Confirmed
26,192,,2025-11-09,505.32,Confirmed
11,643,Business,2025-10-13,1978.63,Pending
38,87,Business,2025-10-18,1656.94,Cancelled
2,549,Economy,2025-11-12,2179.05,Cancelled
35,175,Premium,2025-11-11,330.67,Confirmed
24,731,Business,2025-11-02,2262.04,Confirmed
17,818,Business,2025-10-21,1199.71,Confirmed
7,245,Premium,2025-10-20,1688.66,Confirmed
14,821,Premium,2025-10-11,1746.71,Confirmed
18,166,Economy,2025-11-14,568.63,Confirmed
43,1043,Business,2025-10-18,1423.27,Confirmed
32,102,Business,2025-10-26,2732.01,Confirmed
44,773,Economy,2025-10-24,2556.68,Pending
40,1012,Business,2025-10-31,2608.42,Pending
25,663,Premium,2025-10-16,2939.63,Confirmed
27,155,Economy,2025-11-07,774.28,Confirmed
16,265,Business,2025-11-05,1326.98,Pending
12,132,Economy,2025-11-05,1328.0,Cancelled
29,817,Premium,2025-10-31,1041.31,Confirmed
40,905,Economy,2025-10-24,2033.11,Confirmed
20,1050,Economy,2025-11-10,2898.15,Pending
9,974,Economy,2025-10-17,1785.36,Confirmed
6,787,Premium,2025-10-24,1132.68,Confirmed
45,17,Economy,2025-11-03,1334.72,Confirmed
45,357,Economy,2025-10-05,1917.36,Pending
38,270,Economy,2025-10-04,2599.25,Confirmed
1,474,Premium,2025-10-12,2970.95,Confirmed
2,150,Premium,2025-11-02,1134.56,Confirmed
9,411,Economy,2025-11-09,2521.08,Confirmed
50,531,Business,2025-11-05,1539.31,Confirmed
20,849,Economy,2025-10-11,1253.89,Pending
4,131,Premium,2025-10-19,2244.33,Confirmed
16,843,Economy,2025-10-18,2671.65,Confirmed
11,769,Premium,2025-10-28,1394.93,Confirmed
16,898,Premium,2025-10-27,821.86,Confirmed
50,110,Economy,2025-10-06,2837.94,Confirmed
30,654,Economy,2025-11-05,1158.38,Pending
7,421,Business,2025-10-04,692.56,Confirmed
42,552,Business,2025-11-08,2282.41,Pending
35,977,Economy,2025-11-14,2084.57,Cancelled
11,495,Premium,2025-10-15,2171.86,Confirmed
34,304,Economy,2025-10-02,1661.03,Pending
42,345,Economy,2025-11-03,674.63,Confirmed
42,187,Economy,2025-11-09,560.75,Confirmed
27,323,Economy,2025-10-27,1638.05,Confirmed
50,368,Business,2025-11-08,412.28,Pending
24,500,Business,2025-10-20,1474.99,Confirmed
4,595,Business,2025-10-31,507.52,Confirmed
19,84,Economy,2025-10-09,206.09,Confirmed
3,253,Economy,2025-10-14,2432.64,Confirmed
31,8,Business,2025-10-18,1365.49,Confirmed
18,354,Premium,2025-10-07,867.81,Confirmed
5,567,Business,2025-10-06,824.13,Confirmed
24,810,Premium,2025-11-08,2235.92,Pending
35,7,Business,2025-10-13,205.21,Confirmed
31,23,Economy,2025-10-26,2651.41,Pending
50,747,Business,2025-10-02,957.98,Confirmed
11,631,Economy,2025-10-03,720.69,Confirmed
29,554,Premium,2025-11-16,435.06,Confirmed
15,437,Business,2025-10-05,189.79,Confirmed
12,621,Premium,2025-10-30,1403.19,Confirmed
37,202,Economy,2025-10-18,1724.98,Confirmed
23,785,Economy,2025-10-25,2455.61,Confirmed
14,572,Economy,2025-11-07,217.01,Confirmed
26,652,Economy,2025-10-27,983.92,Confirmed
41,699,Economy,2025-11-11,2005.0,Confirmed
46,102,Economy,2025-11-03,344.64,Confirmed
30,861,Economy,2025-10-05,2754.39,Confirmed
8,439,Economy,2025-10-19,809.35,Confirmed
36,1006,Economy,2025-10-07,999.04,Confirmed
41,303,Economy,2025-10-26,1912.09,Confirmed
27,122,Business,2025-11-09,92.47,Confirmed
3,161,Premium,2025-11-12,330.43,Confirmed
27,491,Premium,2025-10-29,997.24,Confirmed
28,336,Economy,2025-11-13,924.07,Pending
43,269,Business,2025-10-09,189.64,Confirmed
44,431,Premium,2025-11-05,1025.77,Pending
43,1017,Economy,2025-10-13,2863.92,Cancelled
4,947,Economy,2025-10-05,1197.92,Confirmed
16,757,Economy,2025-11-05,1226.18,Confirmed
19,648,Economy,2025-10-25,2643.48,Confirmed
32,452,Economy,2025-10-12,2362.07,Confirmed
36,330,Business,2025-10-06,2760.83,Pending
24,488,Premium,2025-10-16,238.52,Confirmed
39,120,Business,2025-10-02,1454.8,Confirmed
1,401,Economy,2025-11-12,225.91,Confirmed
44,30,Business,2025-10-28,1879.06,Confirmed
18,556,Business,2025-10-30,1931.35,Pending
31,1070,Economy,2025-11-12,2140.9,Confirmed
19,635,Business,2025-10-23,128.51,Confirmed
38,205,Economy,2025-10-13,751.93,Pending
6,221,Economy,2025-10-14,549.35,Confirmed
31,558,Premium,2025-10-18,224.91,Confirmed
45,193,Premium,2025-11-15,999.62,Confirmed
47,19,Premium,2025-10-17,1502.3,Confirmed
34,128,Business,2025-11-09,1948.93,Confirmed
41,86,Premium,2025-10-17,2442.91,Confirmed
6,988,Premium,2025-11-11,2289.76,Cancelled
14,1022,Premium,2025-10-16,1152.93,Confirmed
9,182,Premium,2025-11-12,2554.28,Confirmed
33,423,Premium,2025-10-26,554.14,Confirmed
5,52,Economy,2025-11-03,235.65,Confirmed
1,363,Business,2025-10-28,2677.22,Pending
44,729,Premium,2025-10-24,892.63,Confirmed
13,462,Economy,2025-10-18,1209.48,Pending
42,875,Premium,2025-10-22,662.69,Pending
21,683,Economy,2025-11-08,2987.14,Confirmed
24,1054,Premium,2025-10-18,2030.18,Confirmed
18,311,Economy,2025-10-06,2629.7,Confirmed
15,709,Economy,2025-10-27,1699.01,Pending
3,999,Economy,2025-10-03,570.9,Confirmed
31,5,Premium,2025-11-09,1378.12,Pending
4,459,Business,2025-10-31,418.39,Pending
5,1030,Premium,2025-10-16,2583.85,Confirmed
2,984,Economy,2025-10-04,1337.94,Pending
45,98,Business,2025-10-12,1090.03,Cancelled
27,873,Business,2025-10-31,1981.23,Confirmed
15,156,Economy,2025-11-09,575.3,Pending
31,809,Premium,2025-10-09,1050.33,Confirmed
28,263,Business,2025-10-04,1383.28,Confirmed
2,854,Business,2025-10-19,769.2,Confirmed
10,504,Business,2025-10-25,2415.35,Confirmed
1,1097,Business,2025-11-15,554.5,Pending
19,880,Premium,2025-11-10,317.26,Confirmed
5,748,Premium,2025-10-31,1081.1,Pending
8,668,Economy,2025-10-09,403.78,Cancelled
10,872,Economy,2025-10-15,2024.83,Confirmed
6,398,Premium,2025-10-24,2872.55,Confirmed
8,1086,Premium,2025-11-10,1899.34,Confirmed
12,435,Business,2025-10-14,2678.98,Confirmed
25,206,Business,2025-11-05,89.64,Confirmed
34,327,Premium,2025-11-04,983.84,Confirmed
42,360,Economy,2025-10-25,2192.8,Confirmed
26,1089,Economy,2025-10-23,1783.25,Confirmed
44,165,Economy,2025-10-19,1170.66,Confirmed
32,641,Business,2025-10-12,2011.59,Pending
13,202,Economy,2025-10-23,1383.6,Confirmed
4,1099,Economy,2025-11-07,2306.97,Cancelled
38,216,Business,2025-10-17,909.52,Confirmed
34,186,Premium,2025-10-29,1408.25,Confirmed
36,172,Premium,2025-10-21,1499.53,Confirmed
42,434,Premium,2025-10-31,384.84,Confirmed
34,548,Economy,2025-10-30,689.79,Confirmed
41,1002,Economy,2025-10-31,2646.27,Confirmed
35,1012,Business,2025-11-04,1396.39,Confirmed
10,403,Premium,2025-10-04,954.78,Confirmed
6,815,Economy,2025-10-05,2314.06,Confirmed
35,135,,2025-10-12,1817.75,Confirmed
7,941,Economy,2025-10-02,2356.91,Confirmed
6,871,Business,2025-10-01,384.85,Pending
13,1047,Economy,2025-10-28,922.8,Confirmed
29,948,Premium,2025-11-15,854.86,Confirmed
38,875,Business,2025-11-09,472.12,Confirmed
23,455,Business,2025-11-08,958.68,Confirmed
17,843,Business,2025-11-16,1617.61,Pending
34,56,Premium,2025-10-16,403.73,Pending
25,531,Economy,2025-10-30,391.37,Pending
23,148,Premium,2025-10-19,174.38,Pending
25,230,,2025-10-06,1111.48,Confirmed
31,174,Premium,2025-11-13,1680.82,Pending
10,390,Economy,2025-10-21,1153.27,Confirmed
4,729,Business,2025-10-04,431.28,Confirmed
24,108,Business,2025-11-16,2642.23,Cancelled
33,155,Business,2025-11-08,2409.22,Confirmed
28,771,Premium,2025-10-06,2915.11,Confirmed
25,397,Economy,2025-11-03,2247.66,Confirmed
14,424,Business,2025-10-25,745.8,Confirmed
46,273,Premium,2025-11-02,620.15,Confirmed
39,312,Premium,2025-10-03,1475.76,Confirmed
46,640,Business,2025-10-30,2176.72,Confirmed
34,350,Business,2025-10-23,1775.4,Confirmed
27,810,Premium,2025-11-11,133.78,Pending
25,932,Premium,2025-10-04,652.6,Confirmed
23,676,Premium,2025-10-03,1568.2,Confirmed
21,404,Business,2025-11-12,2142.7,Pending
1,344,Business,2025-10-30,1197.9,Confirmed
14,375,Premium,2025-11-15,785.1,Pending
41,544,Premium,2025-10-12,2967.51,Confirmed
39,993,Business,2025-10-02,181.41,Confirmed
4,935,Business,2025-11-13,1272.95,Pending
24,1080,Economy,2025-11-01,2473.36,Pending
14,94,Economy,2025-10-09,946.65,Pending
30,982,Economy,2025-10-12,2272.86,Pending
6,1050,Economy,2025-11-07,2050.8,Confirmed
16,380,Economy,2025-10-29,1874.48,Confirmed
11,282,Premium,2025-11-05,489.41,Confirmed
35,362,,2025-11-04,997.9,Confirmed
3,790,Premium,2025-10-13,2694.96,Pending
39,644,Economy,2025-10-22,2732.12,Confirmed
8,801,Economy,2025-11-12,89.97,Cancelled
11,967,Business,2025-10-13,2156.65,Confirmed
1,887,Premium,2025-10-10,953.87,Confirmed
38,198,Business,2025-10-21,2563.72,Pending
23,115,Premium,2025-10-31,256.69,Pending
11,743,Premium,2025-11-01,2983.1,Confirmed
36,565,Business,2025-10-13,665.81,Confirmed
15,644,Premium,2025-10-30,1124.91,Cancelled
18,91,Premium,2025-10-23,923.41,Confirmed
29,97,Premium,2025-10-03,775.02,Confirmed
16,146,Economy,2025-11-15,1762.99,Pending
32,210,Business,2025-10-26,2409.93,Confirmed
8,650,Business,2025-10-16,1602.42,Confirmed
45,540,Business,2025-11-14,2230.96,Confirmed
6,368,Premium,2025-10-28,835.44,Pending
46,407,Premium,2025-11-06,1540.45,Confirmed
22,171,Economy,2025-11-07,360.34,Pending
46,5,Premium,2025-10-21,989.48,Confirmed
43,86,Business,2025-10-19,408.63,Confirmed
18,268,Premium,2025-10-18,1388.49,Confirmed
16,1004,Premium,2025-10-22,1156.86,Confirmed
43,665,Business,2025-10-30,2912.68,Confirmed
1,756,Business,2025-10-22,1754.19,Confirmed
4,1034,Premium,2025-10-06,83.97,Pending
8,950,Premium,2025-11-14,166.32,Confirmed
14,800,Business,2025-10-09,2257.27,Confirmed
47,722,Premium,2025-10-28,2575.02,Confirmed
50,2,Premium,2025-10-28,2121.73,Confirmed
47,364,Premium,2025-10-04,1521.81,Confirmed
2,834,Business,2025-10-24,1441.0,Confirmed
40,1059,Economy,2025-10-30,2523.92,Cancelled
26,565,Economy,2025-10-10,804.69,Cancelled
6,939,Economy,2025-10-28,2974.37,Pending
12,1055,Premium,2025-11-07,1734.16,Confirmed
9,750,Business,2025-11-12,516.41,Confirmed
19,1094,Premium,2025-11-16,582.85,Pending
47,127,Economy,2025-10-11,2048.69,Pending
37,143,Business,2025-11-10,2986.45,Cancelled
50,73,Premium,2025-11-01,2070.31,Confirmed
17,1048,Business,2025-10-15,702.96,Pending
5,863,Economy,2025-10-21,2760.07,Confirmed
25,513,Premium,2025-11-09,1607.31,Pending
6,681,Premium,2025-10-08,2912.57,Confirmed
25,547,Economy,2025-11-05,1536.9,Confirmed
5,1085,Business,2025-10-09,120.09,Confirmed
2,268,Economy,2025-11-07,158.83,Confirmed
23,330,Premium,2025-10-26,2708.95,Confirmed
22,634,Business,2025-10-30,1010.25,Confirmed
21,353,Premium,2025-10-26,1738.06,Pending
50,1045,Economy,2025-11-05,1370.82,Confirmed
48,181,Economy,2025-11-01,1624.38,Cancelled
23,671,Economy,2025-10-03,843.83,Confirmed
41,1100,Premium,2025-11-08,1300.64,Confirmed
50,300,Premium,2025-11-04,1686.65,Confirmed
48,942,Business,2025-11-03,141.98,Pending
47,691,Business,2025-11-12,2469.65,Confirmed
17,27,Economy,2025-10-19,2237.45,Confirmed
3,1081,Business,2025-10-23,1188.54,Pending
41,1028,Premium,2025-10-30,2352.98,Confirmed
24,183,Economy,2025-11-04,2411.47,Confirmed
23,654,Business,2025-10-06,1788.38,Pending
2,761,Economy,2025-10-01,2414.53,Pending
40,705,Economy,2025-10-05,795.34,Confirmed
5,1095,Business,2025-10-02,1343.5,Confirmed
23,365,Economy,2025-10-06,708.69,Confirmed
5,197,Economy,2025-10-20,339.52,Pending
34,44,Premium,2025-11-03,2000.67,Pending
14,337,Premium,2025-11-01,1856.89,Confirmed
47,125,Economy,2025-11-01,1778.89,Confirmed
9,211,Business,2025-10-18,1327.73,Confirmed
3,234,Economy,2025-10-18,1132.43,Confirmed
30,803,Premium,2025-10-12,2349.17,Confirmed
43,822,Premium,2025-11-08,2118.54,Pending
16,98,Economy,2025-10-02,2282.12,Pending
16,334,Economy,2025-11-12,1618.75,Confirmed
44,782,Premium,2025-10-12,1356.57,Confirmed
6,659,Economy,2025-10-16,210.94,Confirmed
49,529,Economy,2025-10-17,2128.78,Confirmed
40,45,Premium,2025-10-01,1017.91,Confirmed
34,873,Business,2025-11-08,275.99,Confirmed
4,779,Business,2025-10-24,2044.94,Pending
24,379,Economy,2025-10-27,645.7,Confirmed
45,177,Business,2025-10-31,319.25,Confirmed
45,196,,2025-10-19,1473.88,Confirmed
16,797,Premium,2025-10-16,2046.8,Confirmed
31,132,Economy,2025-11-16,870.03,Confirmed
47,353,Premium,2025-11-01,2452.83,Confirmed
25,78,Economy,2025-11-10,1668.97,Confirmed
25,1087,Business,2025-11-08,2753.76,Confirmed
20,12,Business,2025-10-05,2760.63,Pending
18,497,Economy,2025-10-07,878.24,Confirmed
11,179,Premium,2025-10-26,1941.91,Confirmed
49,776,Premium,2025-10-28,2512.0,Pending
21,483,Premium,2025-10-29,1797.35,Confirmed
43,949,Premium,2025-10-11,2483.5,Confirmed
31,50,Premium,2025-10-01,534.26,Confirmed
2,322,Economy,2025-11-04,1622.55,Confirmed
48,1006,Business,2025-10-03,1175.97,Pending
26,484,Premium,2025-11-09,2484.86,Confirmed
23,270,Business,2025-11-04,2296.96,Cancelled
25,463,Premium,2025-10-26,2720.63,Confirmed
26,464,Economy,2025-10-22,2852.58,Pending
2,287,Premium,2025-10-07,250.29,Confirmed
34,964,Premium,2025-11-15,452.5,Confirmed
39,827,Economy,2025-11-09,1109.53,Pending
48,245,Premium,2025-10-08,2273.32,Confirmed
20,461,Business,2025-10-15,214.12,Pending
41,801,Business,2025-10-15,599.02,Pending
41,759,,2025-11-16,2390.85,Confirmed
29,235,Premium,2025-10-08,1523.78,Confirmed
50,1094,Premium,2025-10-24,2199.81,Confirmed
14,726,Premium,2025-11-01,2669.69,Confirmed
11,193,Premium,2025-11-08,1188.76,Confirmed
9,437,Premium,2025-10-24,970.42,Pending
43,507,Economy,2025-10-30,943.43,Confirmed
25,892,Business,2025-10-02,2906.87,Confirmed
4,361,Economy,2025-10-24,2255.01,Confirmed
2,258,Economy,2025-10-26,2070.63,Confirmed
16,832,Premium,2025-10-30,1420.37,Confirmed
12,60,Economy,2025-10-14,2510.81,Pending
29,7,Premium,2025-11-16,1987.92,Cancelled
19,271,Premium,2025-11-13,262.34,Confirmed
24,121,Economy,2025-11-04,704.83,Cancelled
43,989,Premium,2025-10-14,258.7,Confirmed
36,869,Premium,2025-10-09,2432.77,Confirmed
29,680,Premium,2025-10-02,888.69,Confirmed
45,20,Premium,2025-10-25,1319.64,Confirmed
50,502,Economy,2025-11-07,1018.85,Pending
31,220,Economy,2025-10-08,2553.34,Pending
36,786,Economy,2025-10-22,2935.53,Confirmed
48,31,Economy,2025-10-13,560.3,Confirmed
