passenger_id,first_name,last_name,gender,age,passport_number
1,Brian,Hernandez,Other,43,qY335122
2,James,Tran,Female,48,Nc321736
3,Joel,Adams,Male,57,PS162379
4,Kenneth,Clarke,Other,66,dW479681
5,Amy,Jordan,Other,35,Et612383
6,Lindsey,Myers,Female,50,EF504280
7,Kelly,Archer,Other,82,qr959074
8,Patricia,Saunders,Other,49,iG150113
9,Daniel,Mitchell,Female,29,sj149739
10,Craig,Hawkins,Other,43,
11,Julie,Schneider,Male,42,Xx006078
12,Richard,White,Female,67,mW289221
13,Katie,Johnson,Female,27,Kv713710
14,Terry,Cohen,Female,49,Zw406221
15,Sherry,Sandoval,Female,69,tv543789
16,Sarah,Kennedy,Female,60,mH076486
17,Sara,Carpenter,Female,33,BN700699
18,Roger,Meyers,Male,59,dS722625
19,Pamela,Boyd,Male,75,
20,David,Kramer,Female,69,zs334346
21,Mary,Thomas,Female,49,SK292053
22,Brandon,Wheeler,Female,37,YD514005
23,Valerie,Stevenson,Other,52,WK308044
24,Natasha,Green,Male,78,aI013462
25,Amanda,Fuller,Female,52,Zi052971
26,Jennifer,Hill,Other,39,Af713327
27,Dylan,Buckley,Female,59,lN063200
28,James,Palmer,Other,81,CG622789
29,Brenda,Stark,Male,52,Ny138689
30,David,Kramer,Male,76,AM602888
31,Rebecca,Dean,Male,75,KJ710255
32,Ashley,Barry,Male,65,CV607666
33,Alexandra,Watson,Male,39,sb380187
34,Jared,Gallegos,Male,36,Gp949522
35,William,Fisher,Other,53,lG617726
36,James,Clark,Other,67,cm429197
37,Rhonda,Miller,Male,85,jz390941
38,Cynthia,Adkins,Male,78,Ga791527
39,Jennifer,Solis,Male,31,qa149063
40,Vincent,Humphrey,Female,33,JN147126
41,Keith,White,Male,58,RZ900403
42,Natalie,Wilkins,Male,26,VJ300865
43,Robert,Allen,Female,56,mY643315
44,Andrew,Lloyd,Female,76,kC319262
45,Caroline,Kirby,Female,63,nV064355
46,Brett,Berry,Male,19,vK131173
47,Frank,Patrick,Male,21,wW101125
48,Dawn,Williams,Female,24,Mh938825
49,Brian,Kelley,Other,45,ts350888
50,Ellen,Holder,Other,69,ga729371
51,Ariana,Nichols,Other,37,RO033366
52,Anthony,Jones,Other,26,mg221319
53,Isaac,Casey,Male,22,tO581048
54,Melissa,Phillips,Other,75,yt495329
55,Melissa,Jackson,Male,22,gG745672
56,Jennifer,Mcgee,Other,34,Lr999488
57,Alan,Morales,Female,22,dk871335
58,Jennifer,Arias,Male,81,sW154485
59,Courtney,Campbell,Male,67,jG714508
60,Elizabeth,Silva,Other,50,qc142431
61,Craig,Novak,Other,36,uY242984
62,Michael,Miller,Other,46,Fj428604
63,Jenny,Gonzalez,Female,18,FN752348
64,Dustin,Adams,Male,40,En861528
65,Joshua,Travis,Female,35,Pq886004
66,Alexander,Montgomery,Female,25,oP375759
67,Aaron,Young,Other,43,um694392
68,Rhonda,Rojas,Female,79,iK564973
69,Marisa,Cole,Female,71,RG791990
70,Matthew,Fisher,Other,22,el426616
71,Louis,Bryant,Other,49,Ij261972
72,Amy,Benson,Female,42,XT826260
73,Peter,Murphy,Female,48,qQ817685
74,Jessica,Lee,Other,85,ld430139
75,Kyle,Holloway,Female,73,gA986710
76,Kayla,Colon,Male,83,gp499687
77,Susan,Vasquez,Male,20,GU721750
78,Bailey,Key,Other,28,qu467407
79,Destiny,Newman,Male,69,tr231381
80,Laurie,Rodriguez,Male,51,vC897924
81,Jorge,Anderson,Other,62,xv900511
82,Rebecca,Barnes,Female,40,dL479772
83,Scott,Gibson,Male,59,pI514087
84,Jose,Andrews,Female,48,lV705608
85,Clinton,Chavez,Male,40,kZ305961
86,Deborah,Gonzalez,Other,69,zr667798
87,Michael,Burton,Male,61,FE131005
88,Luke,Walsh,Other,44,Cj392733
89,Anita,Castaneda,Other,40,Th847143
90,Jennifer,Mathis,Male,56,Fv728039
91,Robert,Young,Male,80,LQ060836
92,Dawn,Mcpherson,Other,65,Zg896343
93,Emily,Jackson,Female,43,gA174172
94,Kathryn,Lynch,Female,85,VI248814
95,Christina,Barajas,Female,49,wL159784
96,Kevin,Lang,Male,18,vX553914
97,Joshua,Mills,Other,69,Tm921636
98,Nicolas,Mcguire,Other,25,xA089621
99,Brandon,Rose,Female,62,Oi744253
100,Megan,Fisher,Other,32,iN336608
101,Chelsea,Martinez,Female,74,xz894244
102,Sara,Campbell,Other,72,
103,Scott,Le,Other,47,lp925522
104,Mary,Casey,Other,42,Vo865315
105,Brittany,Figueroa,Male,19,
106,Gabrielle,Nguyen,Other,25,Qg245102
107,Karen,Grimes,Other,47,Dp821462
108,Anthony,Stevens,Male,78,Kf313888
109,Matthew,Gonzalez,Other,27,xs563470
110,Bill,Kirby,Male,57,qU790943
111,Yolanda,Vasquez,Female,58,
112,Richard,Young,Female,75,vM016099
113,Erik,Weber,Other,56,tG066739
114,Brandon,Allen,Other,56,Fe609181
115,Kathryn,Alvarez,Female,61,Yl460433
116,Anthony,Pineda,Female,25,Vt410550
117,Denise,Molina,Other,33,Pk767605
118,Casey,Reed,Male,73,nf713505
119,Michelle,Foster,Female,79,IW382185
120,Susan,Sullivan,Female,82,LI635772
121,Carla,Ellis,Male,49,ob123603
122,Maureen,Walker,Female,18,iR182392
123,Alexandra,Rose,Male,83,nd901771
124,John,Randolph,Female,64,FB398856
125,Christina,Graves,Female,24,oB149353
126,Kayla,Gonzalez,Female,50,wC812993
127,Sean,James,Other,72,Uh222690
128,Mark,Noble,Other,21,Tg128086
129,Stephanie,Hayes,Male,33,lZ677071
130,Adrian,Perkins,Other,22,AY337149
131,Michelle,Smith,Male,61,Ja185266
132,Amanda,Morales,Male,33,kb820185
133,Corey,Knapp,Female,32,Yb364588
134,Gerald,Woodard,Other,53,Xt587788
135,Megan,Cooper,Other,71,An426752
136,Brent,Jennings,Female,66,sV419682
137,Dwayne,Bartlett,Other,37,Ov353055
138,Daniel,Howell,Male,47,GX116377
139,Heather,Mendoza,Other,75,JF028617
140,Alexis,Turner,Male,46,Kp054673
141,Kathryn,Lee,Other,61,hE735169
142,Jessica,Hancock,Male,75,xy358740
143,Courtney,Rollins,Female,40,rs504914
144,Felicia,Henry,Female,68,Rw154951
145,Michael,Ramirez,Female,64,vh978610
146,Samantha,Pitts,Male,38,fB723169
147,Bethany,Foster,Male,45,pA680921
148,Tammy,Hudson,Male,30,Gx343653
149,Thomas,Anderson,Female,19,kJ134192
150,Lawrence,Burgess,Male,25,Vk267565
151,Jennifer,Hutchinson,Other,38,rY241194
152,Michaela,Schmidt,Other,76,jf344757
153,Michael,Ingram,Other,61,bi705898
154,Albert,Murphy,Male,39,Sj405567
155,Donna,Flores,Other,22,Ff047398
156,Amanda,Sims,Other,49,DP068720
157,Logan,Chavez,Female,21,QY604347
158,Laura,Boyer,Other,34,Yj443215
159,Diane,Lewis,Male,27,tM369107
160,Angela,Gray,Other,43,kY084671
161,Stephanie,Gonzalez,Female,41,fg437576
162,Michael,Austin,Male,51,aR479213
163,Mindy,Jackson,Other,67,iv319289
164,Natalie,Hill,Male,63,cn215935
165,Tanya,Smith,Female,27,xE782191
166,Debbie,Bell,Other,18,qY696927
167,Robert,Farmer,Female,62,Co042793
168,Robert,Brown,Other,78,VC795143
169,Todd,Clark,Female,73,GZ742686
170,Angela,Ortiz,Other,48,FB049122
171,Shannon,Reynolds,Female,58,Zl855351
172,Heather,Brown,Male,61,iK137645
173,Heather,Martinez,Male,68,Ii262426
174,James,Ellis,Female,51,Qn371703
175,Stephanie,King,Male,43,Ia729606
176,Jade,Lopez,Other,33,ck912939
177,William,Reynolds,Other,20,oy947182
178,Noah,Goodwin,Male,65,Ev836078
179,Michael,Gonzalez,Male,76,ck650875
180,Julian,Morgan,Male,49,DO109079
181,Jacob,Roberts,Female,32,cV473861
182,Gregory,Reyes,Other,82,Wy006926
183,Jason,Vargas,Female,32,IM219695
184,Bruce,Malone,Female,21,UC743142
185,Caitlin,Mclaughlin,Other,59,rd970671
186,Dustin,Payne,Other,29,gy957569
187,James,King,Male,74,kQ713026
188,Tina,Obrien,Male,39,BB317871
189,Cameron,Martinez,Female,52,JA267229
190,Christopher,Fleming,Male,39,Fm729756
191,Steven,Salazar,Male,67,AN816287
192,Rebecca,Walker,Female,38,ci555118
193,Anthony,Glenn,Female,57,tZ900480
194,Shane,Harris,Female,30,Kr281703
195,Travis,Woodard,Other,60,Ep761615
196,Tina,Freeman,Male,44,Wk107812
197,Hannah,Klein,Other,62,NR630221
198,Megan,Butler,Female,59,sq094306
199,Johnny,Jacobs,Female,36,wJ952628
200,Hannah,Schultz,Male,47,ic964690
201,William,Farrell,Other,84,vF839144
202,David,Martinez,Male,83,or920588
203,Blake,Allen,Other,73,jq371692
204,Danielle,Guerrero,Female,42,la076265
205,James,Shaw,Female,32,Dl274788
206,Gregory,Leach,Female,23,kK318248
207,Samuel,Hopkins,Male,34,jj570784
208,Tony,Harvey,Other,61,Zi907848
209,Richard,Davis,Male,61,Kn790442
210,Brittany,Collins,Other,83,pr379456
211,Dana,Greene,Female,55,PQ528520
212,Brian,Sutton,Male,34,TN550609
213,Michelle,Strickland,Other,85,wb635463
214,Cynthia,Johnson,Other,78,pC945363
215,Cody,Olson,Other,20,Tp264606
216,Amy,Cooper,Male,56,pV739645
217,Aaron,Ritter,Other,66,MQ800722
218,Alicia,Mckee,Female,27,Zl283494
219,William,Taylor,Male,58,gZ668377
220,Christopher,Johnson,Female,54,rL151145
221,Devin,Fernandez,Male,50,uf759234
222,Brandon,Bell,Male,29,zJ891981
223,Alexis,Murray,Female,74,kD316270
224,Stephen,Howard,Other,81,ay741310
225,Nancy,Davenport,Other,58,bP827192
226,Stephen,Gonzalez,Female,52,kb867367
227,Catherine,Patton,Male,79,hw845178
228,Sandra,Haney,Male,75,ES892971
229,Elizabeth,Dixon,Other,51,wx979263
230,Douglas,Flores,Female,26,Og202672
231,Mackenzie,Hawkins,Female,80,al069053
232,Sean,Edwards,Female,50,pH455141
233,Clifford,Luna,Other,64,Hj289404
234,Kathleen,Phillips,Other,38,fV636842
235,George,Davis,Male,74,RU223950
236,Joanna,Young,Female,28,uH554963
237,Dwayne,Potter,Other,25,Bm429314
238,Joseph,Parker,Other,58,Xc808878
239,Ashley,Alexander,Other,19,EM396331
240,Jennifer,Townsend,Female,79,uA483204
241,Patricia,Scott,Other,72,
242,Jessica,Kelley,Male,55,Zt172287
243,Jennifer,Rodriguez,Male,80,LY972302
244,Peter,Foley,Other,78,mM918763
245,Katrina,Singh,Female,63,uY903857
246,Brad,Levine,Male,76,ez709644
247,Troy,Cisneros,Other,50,NY412391
248,Laura,Ellison,Female,59,Yi684247
249,Erin,Johnson,Female,47,nB852216
250,Jennifer,Merritt,Female,80,Yk838926
251,Sandra,Sullivan,Male,46,wP986738
252,Alan,Reed,Male,58,oL046182
253,Rachel,Bryant,Other,72,AH361148
254,Jason,Jones,Male,68,WQ773102
255,Samantha,Hill,Other,76,Uv667481
256,Andrea,Kim,Male,42,HO257197
257,Michael,Becker,Other,21,bk963536
258,Scott,Yang,Other,74,ao242550
259,Logan,Schultz,Male,75,UP754330
260,Lisa,Robertson,Other,66,
261,Carol,Lara,Male,22,BB412759
262,Angie,Arellano,Other,52,Ve700601
263,Teresa,Richards,Male,18,mL335033
264,Tracey,Johnson,Male,28,xm038737
265,Natalie,Turner,Other,41,JL474628
266,Toni,Guzman,Male,20,It234716
267,Cody,Mclean,Male,65,Py595887
268,Samuel,Lynch,Male,28,uu137574
269,Jeff,Cuevas,Male,32,lD970425
270,Raymond,Dillon,Other,59,hT068951
271,Katherine,Phillips,Male,77,YF417546
272,Danny,Christensen,Female,81,pu403893
273,Donna,Miller,Female,67,ZD792677
274,Terri,Lawson,Other,34,Bb011931
275,Robert,Ramos,Female,25,Ij281093
276,Brent,Garcia,Other,61,AG780320
277,Kelsey,Drake,Male,81,lY132191
278,Melissa,Evans,Female,42,OV243953
279,Penny,Hooper,Male,33,pc081269
280,Christopher,Wilkins,Female,33,mT691292
281,Brian,Hill,Female,35,zV127119
282,Laurie,Johnson,Female,64,mU655902
283,Randy,Harmon,Female,84,Hv911794
284,Charles,Carpenter,Male,25,
285,Kelly,Gonzales,Male,77,kL488897
286,Stephanie,Price,Female,84,Bw097236
287,Pam,Roth,Female,71,aL633437
288,Kristen,Bass,Other,58,QI434580
289,John,Parker,Female,75,Rd801935
290,Gary,Knight,Female,71,pu396392
291,Chad,Nelson,Other,47,Ti886939
292,Andrew,Hansen,Male,44,gm553825
293,Neil,Nguyen,Other,59,CE113285
294,Maurice,Kaiser,Male,64,Zg403856
295,Anthony,Miller,Other,43,xa727617
296,Charles,Martin,Female,38,et515782
297,Kristin,Figueroa,Other,53,Fv106418
298,Maria,Hayes,Other,50,PV813011
299,Dustin,Lee,Other,31,eI650882
300,Laura,Conrad,Other,25,eN241571
301,Herbert,Gonzalez,Male,50,kG570751
302,Jonathan,Carlson,Other,75,OD448542
303,Michelle,Lewis,Female,59,xg018552
304,Matthew,Swanson,Female,43,Rt170778
305,Richard,Richardson,Male,38,vA672089
306,William,Bird,Male,25,RL438327
307,Adam,Holmes,Other,36,Bw846802
308,Laura,Acosta,Other,46,iP678496
309,Stacy,Burton,Female,39,ct473239
310,Robert,Hernandez,Female,57,cq289802
311,Tammy,Turner,Female,21,VA680247
312,Susan,Wilson,Other,64,fN024277
313,Brandon,Caldwell,Female,72,Ov327275
314,Kara,Anderson,Other,56,eK978108
315,Bobby,Schmidt,Other,74,Ui073562
316,Molly,Johnson,Other,61,ah458722
317,Jeremy,Mercer,Male,39,Ls700589
318,Jessica,Nelson,Other,61,UN339503
319,Donald,Sparks,Other,51,zC616504
320,Melanie,Marshall,Other,85,Lh515636
321,Tracy,Johnson,Other,37,EY231563
322,Becky,Brady,Male,35,Fp616093
323,Susan,King,Male,25,Fv025133
324,Melissa,Scott,Other,25,dW934848
325,Nicole,Boyd,Male,48,MX949228
326,Tina,Peterson,Female,39,MF438595
327,Kenneth,Hood,Female,63,pH215812
328,Carlos,Newton,Female,41,Oa583864
329,Brian,Hicks,Female,75,eK299876
330,Jon,Smith,Female,85,TZ172919
331,Kelly,Wong,Other,28,Hu676161
332,Rhonda,Dunlap,Other,29,gJ140235
333,David,Greer,Male,36,Lg866520
334,Nancy,Clark,Female,24,KF481545
335,Thomas,Sims,Male,35,zP180689
336,Mary,Edwards,Other,76,UB903563
337,Danielle,Medina,Male,73,Iz899649
338,Cynthia,Rodriguez,Female,20,ph878463
339,Carolyn,Wilson,Other,27,KE855989
340,Elizabeth,Lee,Other,62,PW041251
341,Ana,Moreno,Male,51,tN012744
342,Alicia,Wells,Other,36,tF828548
343,Tina,Mccarthy,Male,31,ou827271
344,Erika,Dickerson,Male,27,cT215147
345,Stephen,Sandoval,Female,43,sD610003
346,Eugene,Bird,Male,32,YN494206
347,Barbara,Bell,Male,83,td918608
348,William,Hayes,Other,64,mz017240
349,Deborah,Bryan,Male,60,EA704316
350,Elizabeth,Kerr,Male,34,qc199701
351,Randy,Randall,Male,53,Oo452645
352,Ruben,Reed,Female,31,mT344804
353,Madeline,Powers,Male,57,oS842557
354,Olivia,Larsen,Other,66,DD970645
355,Susan,Smith,Other,52,TH833116
356,Rachel,Smith,Male,33,xd202988
357,Linda,Espinoza,Female,85,Yu341025
358,Eric,Cobb,Male,23,rm218937
359,Michael,Perry,Other,59,Qu365480
360,Veronica,Nash,Other,47,On534986
361,Bethany,Taylor,Female,48,AH963573
362,William,Johnson,Other,65,Xs060879
363,Christina,Wilkinson,Male,75,UR656795
364,Kirsten,Curry,Male,30,XL461639
365,Gregory,Calderon,Other,26,ql561578
366,Peter,Graham,Female,47,pu062892
367,Eric,Medina,Female,28,Uc018382
368,Jacob,Tran,Male,23,gq109391
369,Charles,Rodriguez,Male,68,Kz593189
370,Ronald,Watkins,Male,55,Os297109
371,Jorge,Park,Female,49,Ha389142
372,Patrick,Jones,Female,44,iG760644
373,Ashley,Rogers,Other,75,jY226940
374,Ann,Ward,Other,22,iA593355
375,Sandra,Rodriguez,Female,83,OZ231720
376,James,Bennett,Female,38,xJ097825
377,Jackson,Hicks,Other,77,XP627811
378,Veronica,Orr,Female,38,Eo603514
379,Kyle,Clay,Other,20,ni691016
380,Christopher,Knapp,Other,78,GA656934
381,Jason,Li,Other,71,KI965294
382,Stephen,Miller,Other,42,JK227896
383,Roger,Taylor,Female,32,cM853011
384,Lisa,Rios,Male,73,aY044931
385,Mark,Khan,Other,44,lc416899
386,Carlos,Thomas,Male,37,Ek970702
387,Andrew,Hatfield,Female,83,Zc945457
388,Jennifer,Garcia,Male,65,Tx881830
389,Andrew,Rose,Female,23,zT225283
390,Jessica,Romero,Male,31,Py914310
391,Teresa,Roberts,Male,75,sH884428
392,Kelly,Martinez,Male,73,am139173
393,Michelle,Crosby,Other,50,by734117
394,Jacqueline,Aguilar,Female,57,op339876
395,Jennifer,Reed,Other,18,IJ621883
396,Gary,Summers,Other,41,ft388307
397,Stephen,Phillips,Female,37,Gf744356
398,Elizabeth,Wright,Other,73,Di070283
399,Michael,Turner,Other,24,ha547854
400,Raymond,Ellis,Male,51,iK002316
401,Shaun,Wilson,Other,76,VC129865
402,Stacy,Mccoy,Male,29,
403,Sandra,Welch,Other,58,ho395906
404,Teresa,Sullivan,Male,28,dG276176
405,Sarah,Williams,Male,45,KI883037
406,Stephanie,Green,Other,21,AV855462
407,Diane,Dawson,Female,58,yZ148313
408,Sarah,Martinez,Female,80,gp455908
409,Luis,Holder,Male,70,jJ046889
410,Stephen,Lee,Male,82,sy188998
411,John,Wright,Male,26,oc528306
412,Natalie,Smith,Other,41,Dx187184
413,Scott,Hopkins,Female,38,Tv642546
414,Michael,Bates,Male,58,YX008330
415,Christopher,Boyd,Female,67,KT445041
416,Brian,Shepard,Male,57,QC707042
417,John,Alvarez,Other,59,CT780262
418,Vincent,Shepard,Other,44,Qb552114
419,Joanne,Morrison,Male,34,sN157877
420,Evan,Foster,Other,43,JS239064
421,Joseph,Adams,Female,29,NY295538
422,William,Gilmore,Male,62,TO910697
423,Edward,Phillips,Other,70,jY082077
424,Tammy,Hudson,Female,43,RO029971
425,Jamie,Donaldson,Female,24,ap774647
426,Megan,Gardner,Female,37,eT067290
427,Stephanie,Lee,Female,63,JX091966
428,Carol,Adams,Female,59,Zk267329
429,Anthony,Ware,Female,38,Ih012964
430,Mario,Lynch,Female,30,ve302965
431,Beth,Bell,Male,25,tL418287
432,Eric,Munoz,Male,33,Zf336302
433,Matthew,Duarte,Other,67,WF247107
434,Janet,Lozano,Female,66,No265846
435,Michael,Proctor,Other,50,Tl112305
436,David,Browning,Other,50,xS735604
437,Vanessa,Spears,Female,85,yF037593
438,Cynthia,Sherman,Male,18,VZ438980
439,Dakota,Cameron,Female,38,Og757978
440,Debbie,Bailey,Male,40,Bt518836
441,Nathan,Jones,Female,68,es168664
442,Desiree,Jones,Male,27,kL425517
443,Jacqueline,Cook,Other,79,XP211313
444,Angela,Harmon,Male,57,YM932193
445,John,Kirk,Other,66,oq143271
446,Raven,Williams,Other,64,WP974714
447,David,Burnett,Male,80,Ii008620
448,Gabrielle,Ortiz,Other,44,EN429893
449,Maria,Stevenson,Female,51,LI840555
450,Kathryn,Thompson,Female,25,wk611476
451,Paul,Gibbs,Other,72,sg529756
452,Jerry,Herring,Female,62,HQ687715
453,Shannon,Graham,Other,61,TG921931
454,Frank,Gutierrez,Male,81,NM449946
455,Carl,Cruz,Male,20,
456,Dennis,Todd,Female,80,FP685023
457,John,Moss,Male,41,uV740754
458,Michael,Lloyd,Male,50,OY045903
459,Robert,Case,Male,51,qB279262
460,Sonia,Mcclure,Female,36,xx515557
461,Karen,Patel,Male,61,yu825548
462,Michael,Ashley,Female,27,NU896455
463,Duane,Ellis,Male,48,mC010488
464,Christopher,Rivera,Male,42,cg459241
465,Michael,Jackson,Female,37,BV967974
466,Louis,Morgan,Other,83,lD538738
467,Lauren,Garcia,Male,70,DF764995
468,Regina,Davis,Male,46,oI983971
469,George,Smith,Female,43,Zj570247
470,Sheila,Wong,Other,60,
471,Tony,Delgado,Male,34,Fe578999
472,Leroy,Johnson,Female,66,DH772285
473,Daniel,Miller,Female,54,OT434421
474,Jeremy,Warner,Male,57,xn932799
475,Ryan,Harper,Female,20,im580146
476,Angela,Pena,Other,44,ga959265
477,Laura,Cox,Other,69,sG868309
478,Scott,Garcia,Other,83,Yy522448
479,Ann,Gutierrez,Male,75,vB690866
480,Melissa,Roberts,Other,85,qY033530
481,Matthew,Howard,Other,84,NJ081610
482,Lisa,Case,Other,60,Ck734423
483,Pamela,Gordon,Other,62,jP244820
484,Jean,Faulkner,Other,64,rw774046
485,Sabrina,Pace,Other,27,oE554121
486,Tiffany,Larson,Male,74,gu265546
487,Steven,Pace,Other,71,Gx491845
488,Travis,Mcintosh,Other,64,av720975
489,Ann,Green,Male,29,Lh733333
490,Kenneth,May,Female,69,Hz814559
491,Steven,Hayes,Female,75,zd624731
492,Alexander,Banks,Male,80,gS482835
493,William,Romero,Male,71,XB287715
494,Maria,Fox,Male,25,ka308409
495,Francisco,Wright,Female,20,
496,Bradley,Warren,Other,58,cA572130
497,Jeremy,Thompson,Female,22,sh511610
498,Mitchell,Perry,Female,57,uL190459
499,Jessica,Blevins,Female,33,nz377401
500,Timothy,Moss,Female,84,Hm000555
501,James,Pollard,Female,79,sj999850
502,Elizabeth,Hawkins,Female,74,jh325068
503,Corey,Long,Other,34,Ql806598
504,Lori,Graham,Other,81,Gq568474
505,Ashley,Bradley,Female,44,BM532635
506,Thomas,Reyes,Male,49,sl014118
507,John,Gibson,Female,32,hF043814
508,Joseph,Martin,Male,67,Fy477087
509,Natalie,Meyer,Male,42,EJ117973
510,Jason,Barton,Female,29,wK268610
511,Aaron,Smith,Male,19,iC235030
512,Angela,Barber,Other,37,bT856653
513,David,Baker,Female,44,Mq755851
514,Meagan,Rivera,Male,50,vH830697
515,John,Robertson,Other,18,ep900290
516,Joshua,Luna,Male,73,zn516212
517,Jessica,Mccall,Female,49,Hh748015
518,Jessica,Chase,Male,76,Fm894915
519,Heidi,Davis,Female,28,Xr372285
520,Jeremy,Lindsey,Male,79,Sk832956
521,Lisa,Ramirez,Other,84,zC974551
522,Betty,Patrick,Other,65,eX239471
523,Emma,Strong,Other,28,cT579164
524,Joseph,Caldwell,Male,20,DN442439
525,Douglas,Arnold,Male,43,SA841994
526,Brittany,Barr,Female,36,sf302868
527,Lindsey,Ferguson,Other,21,nm151227
528,John,Jones,Female,76,gU252845
529,Michael,Knox,Male,35,jR494099
530,Christopher,Sloan,Male,32,kp713921
531,Michael,Bell,Female,72,uR514341
532,Katherine,Cohen,Male,23,UG970404
533,Ashley,Newton,Female,31,Xc090276
534,Jessica,Ramos,Male,74,sq431401
535,Amanda,Boyd,Other,57,Di698368
536,Virginia,Ayers,Female,55,oU133802
537,Alyssa,Mcbride,Female,81,gm242486
538,Amy,Reynolds,Male,68,KT860327
539,Thomas,Martin,Female,36,Kr892922
540,Teresa,Middleton,Other,79,bX786541
541,Kimberly,Harris,Other,44,uz824083
542,Lori,Turner,Other,67,qf203954
543,Manuel,Grant,Female,79,xd904640
544,Joel,Gonzalez,Male,25,Ab538377
545,Matthew,Mullins,Male,49,Ac614315
546,Lisa,Ortiz,Other,37,ej040482
547,Brian,Lopez,Other,52,LY691630
548,Gloria,Rodriguez,Female,35,jK581767
549,Jean,Todd,Female,44,yM598705
550,Roberto,Le,Male,72,lN018542
551,Tanya,Russell,Other,61,Mh401950
552,Kenneth,Brewer,Male,43,
553,Deborah,Lopez,Other,48,mX271398
554,Scott,Owens,Male,60,qb026513
555,Reginald,Rodriguez,Male,24,Ln079806
556,Stephanie,Patterson,Other,45,zC216687
557,Denise,Flores,Other,18,Sn029677
558,Jonathan,Rodriguez,Female,80,xG740589
559,Christina,Stewart,Other,37,Wu902807
560,Christine,Gomez,Male,28,FR797612
561,Susan,Wiggins,Male,50,JG176380
562,Christopher,Foster,Male,69,BL346781
563,Johnny,Woodward,Female,73,Zd977990
564,Charles,Kelly,Other,43,Ju513813
565,Christopher,Wilson,Female,48,wv194748
566,Melissa,Walker,Male,79,HK796527
567,Ashley,Clark,Male,74,Rm221170
568,William,Henderson,Other,24,iD027071
569,Caitlin,Richards,Female,59,Dd959147
570,James,Glass,Female,67,
571,Alexis,Scott,Female,42,ay715215
572,Tamara,Manning,Male,26,dM394556
573,April,Morris,Male,39,rh271459
574,Henry,Acosta,Female,41,Rz011037
575,Kayla,Gomez,Male,25,jQ876040
576,Daniel,Herrera,Female,19,VF277339
577,Albert,Gomez,Female,33,zo411115
578,Roberta,Nelson,Other,74,ka080564
579,Theresa,Thomas,Female,54,XF514456
580,Taylor,Ramirez,Other,38,jC230528
581,Eric,Jones,Other,34,JQ599567
582,Cynthia,Atkinson,Other,19,Gg909797
583,Mikayla,Lewis,Female,50,LD043008
584,Geoffrey,Russell,Other,75,QY966436
585,Stephanie,Davenport,Male,62,Sf660792
586,Catherine,Walker,Other,85,hW045623
587,Matthew,Garcia,Other,24,PG073135
588,Eric,Butler,Male,55,Mq346146
589,Vincent,Cohen,Female,48,SL286172
590,Rebecca,Morales,Male,28,Sv160567
591,Alejandra,Kelley,Female,26,Jt725792
592,Nichole,Hall,Other,65,Ju349066
593,Carol,Rogers,Other,48,Fy783877
594,Larry,Gordon,Other,37,Eo827754
595,Michele,Burnett,Male,59,pV457453
596,Troy,Brown,Female,64,Jd555550
597,Kristen,Jackson,Other,50,da324419
598,Connor,Carter,Female,28,Ke789834
599,Tara,Cardenas,Female,48,DP667535
600,Patricia,Mitchell,Female,31,Lg227349
601,Cesar,Fields,Male,69,So129170
602,Brandy,Stephens,Male,56,PO168066
603,Stephanie,Garcia,Female,20,pK749249
604,Kendra,Patterson,Other,40,xa382806
605,Diana,Clayton,Male,42,WD797843
606,Grant,Duran,Male,26,wm968672
607,Kimberly,Padilla,Male,66,rm566338
608,Heather,Hodges,Male,39,tX623965
609,Lisa,Mcconnell,Other,44,YM629912
610,Anthony,Blackwell,Other,28,Qg746046
611,Devin,Franklin,Female,61,kT488825
612,Kathy,Craig,Male,61,XL235616
613,Eric,Ryan,Female,63,Qy188533
614,Noah,Davis,Other,79,mN922748
615,Matthew,Gardner,Male,52,zR142646
616,Jerry,Johnson,Other,61,jt625818
617,Michael,Stone,Other,83,CB869340
618,James,Nash,Male,37,nt101409
619,Lisa,Curtis,Female,75,RF773920
620,Charles,Walker,Male,58,yL219243
621,Kristopher,Campbell,Other,78,MZ758632
622,Jennifer,Jordan,Female,21,Dc919390
623,Jennifer,Hurley,Male,59,qB908617
624,Sarah,Irwin,Male,45,Im281201
625,Heather,Harris,Other,62,LH239608
626,Christopher,Bennett,Other,56,Xg545873
627,Vincent,Martinez,Male,27,HL098786
628,Dawn,Sullivan,Female,50,FP315633
629,Jennifer,Nolan,Male,65,pK035711
630,William,Day,Female,47,yL836954
631,Pamela,Bryant,Female,70,NE443737
632,Charles,Reed,Other,46,Cq168107
633,Jordan,Young,Male,62,Ms528558
634,Jimmy,Garner,Female,31,QK887856
635,Cindy,Dyer,Male,67,uy489917
636,James,Wilson,Male,42,eD363425
637,Monica,Fritz,Male,76,MV696835
638,Matthew,Simmons,Female,28,Rh686063
639,Paul,Johnson,Male,44,jW803136
640,Jacob,Ramirez,Male,83,Gh398236
641,Sabrina,Campbell,Male,43,ts120417
642,Kelli,Vasquez,Male,22,tu643645
643,Cameron,Mcmahon,Female,66,Zw581670
644,Victoria,Jackson,Other,20,dH808944
645,Ryan,James,Male,71,Qn048186
646,Angela,Lopez,Female,81,wZ381726
647,Scott,Olson,Other,57,ok927245
648,James,Lewis,Female,44,KK483328
649,Caleb,Brooks,Male,38,uI063262
650,Daniel,Kelley,Female,38,ht225109
651,Robert,Young,Other,50,WR092553
652,James,Hudson,Male,35,rn593770
653,Abigail,Robles,Male,65,Qw600949
654,Julia,Barrett,Other,62,FF737433
655,Michael,Scott,Female,67,Xo234098
656,Steven,Jenkins,Female,76,uQ818114
657,Charles,Barnes,Other,25,hu589171
658,Timothy,Bowen,Female,55,js096549
659,Ryan,Murillo,Male,75,so108721
660,Jennifer,Jones,Male,40,FG973594
661,Peter,Davis,Male,82,fu872812
662,Daniel,Briggs,Male,53,az519388
663,Barbara,Price,Female,53,eC472680
664,Mackenzie,Jones,Male,51,JV038992
665,Susan,Cox,Other,63,lQ111397
666,Paul,Neal,Female,25,yC804231
667,Anthony,Stark,Male,24,PZ570387
668,Anthony,Thornton,Other,70,DZ206346
669,Shelly,Edwards,Other,26,Kn066831
670,Rebecca,Alvarez,Other,45,wj225964
671,Greg,Harrington,Other,45,xZ615981
672,Chad,Robinson,Other,42,no590984
673,Rebecca,Campbell,Other,72,ee584876
674,Mary,Moore,Male,80,Us565456
675,Edward,White,Male,33,LE779370
676,Jason,Torres,Male,50,qQ894757
677,Julie,Duncan,Male,56,Lh853165
678,Thomas,Bailey,Other,79,eP610608
679,Anna,Martin,Other,28,CB068416
680,Carla,Erickson,Female,35,rD837704
681,Angela,Smith,Other,62,TK811776
682,Christopher,Morse,Male,61,Ft392045
683,Andrea,Kim,Female,38,uR425247
684,Kimberly,Ochoa,Female,71,jx491321
685,Patricia,Baker,Female,18,SR246533
686,Bobby,Carey,Male,58,Ev404575
687,Elizabeth,Johnson,Female,70,Ni663209
688,Christopher,Irwin,Male,68,nY956078
689,Cassidy,Davis,Female,82,uF847572
690,David,Reed,Male,62,IN715618
691,Joshua,Collins,Male,71,Xg280579
692,Kristin,Davis,Female,29,YI009013
693,Lisa,Johnson,Male,52,fc889048
694,Thomas,Garner,Male,80,Bn153163
695,Stacy,Santiago,Female,57,Ae776428
696,April,Hernandez,Other,36,vR676980
697,Carlos,Burgess,Other,59,ug670088
698,Mark,Thomas,Male,63,dz022944
699,Kenneth,Martin,Female,63,Iz579862
700,Gary,Bowman,Other,82,tt105871
701,Kimberly,Turner,Male,60,zA721668
702,Becky,Wyatt,Male,20,cS997905
703,Pamela,Schneider,Female,31,CY406504
704,Michael,Evans,Other,20,Td699211
705,Donald,Fletcher,Male,53,hF207646
706,Andrew,Gaines,Other,70,Ts113439
707,Barbara,Shelton,Male,73,qb586074
708,Allen,Jackson,Female,29,WM960580
709,Erin,Page,Male,72,es643905
710,Jorge,Wood,Female,69,MY790693
711,Kevin,Garcia,Female,48,Lz007879
712,Christopher,Cortez,Female,51,zo403383
713,Matthew,Johnson,Female,59,aY346282
714,Joshua,Eaton,Male,38,zH984198
715,Andrew,Saunders,Female,52,IJ836399
716,Jessica,Duffy,Other,47,SO260914
717,John,Boyd,Female,60,YR326350
718,Mark,Lopez,Female,55,Ku844089
719,Karen,Mendez,Other,43,BV336240
720,Tyler,Reyes,Male,44,ed207775
721,Charles,Kerr,Other,58,zk268603
722,Sydney,Hernandez,Other,81,QT741514
723,Kayla,Adams,Male,73,Ip131872
724,Jennifer,Townsend,Female,65,Iq769512
725,Shannon,Malone,Male,45,fx687958
726,Anna,Walker,Other,63,yR485579
727,Jacob,Cook,Other,80,hU058538
728,John,Schneider,Male,28,zC428407
729,Travis,Wilkinson,Female,58,eL622056
730,Jamie,Young,Female,57,al006958
731,David,Schwartz,Female,22,uS058462
732,Audrey,Page,Other,84,KF968037
733,Connie,White,Other,76,fC925497
734,John,Morgan,Female,60,WD211890
735,Aaron,Walker,Other,32,Lg280929
736,Cheryl,Porter,Female,40,lv521292
737,Sierra,Jackson,Female,85,qg900026
738,Tracie,Hudson,Other,54,mj805320
739,Michael,Heath,Female,66,jJ419259
740,Rebecca,Smith,Other,75,jo933043
741,Justin,Sandoval,Other,60,tf386025
742,Valerie,Walker,Male,54,gN026458
743,Donna,Haas,Female,20,Mb984625
744,Heidi,Armstrong,Female,28,sl921078
745,Eric,Black,Male,45,
746,Kyle,White,Female,51,Nw142710
747,Blake,Guzman,Other,44,Uv146638
748,Bradley,Wilson,Male,81,DK302264
749,Kimberly,Bridges,Other,23,Ul521041
750,Christopher,Perez,Female,30,xk752476
751,David,Duke,Male,58,lm452572
752,Nathan,Greene,Other,44,QM184438
753,Veronica,Bates,Male,75,dB345612
754,Nicolas,Thomas,Male,33,vU445940
755,Kari,Dunn,Female,63,yI274453
756,Karl,Jackson,Other,31,vz571902
757,Andrew,Oconnor,Other,83,pX637050
758,Jeffrey,Smith,Other,67,Ud574872
759,Brandon,Griffin,Other,34,Og969426
760,Heather,Mccoy,Other,56,qX520615
761,Cody,Peterson,Other,53,fR463475
762,Dustin,Jones,Female,80,hx881300
763,Christopher,Burns,Male,72,YK280964
764,Kenneth,Fernandez,Other,28,hc126160
765,Denise,Carter,Other,41,Mw386623
766,Natalie,Weiss,Female,40,OT476481
767,Antonio,Sellers,Male,52,QD680603
768,Destiny,Ramos,Female,30,Tx386732
769,Michael,Palmer,Male,38,Hw641713
770,Ryan,Lewis,Female,36,mO907167
771,Charles,Johnson,Female,60,yB997753
772,Michael,Martinez,Other,58,bG175024
773,Bradley,Taylor,Other,78,sM678822
774,Lauren,Johnson,Female,51,
775,Amy,Adkins,Male,23,aX331634
776,Marcus,Powers,Female,21,ZY324706
777,Jeffery,Thomas,Male,44,Kz572006
778,Victoria,Schmitt,Male,52,xU025923
779,Eric,Ramirez,Female,49,wv117026
780,Heidi,Collins,Other,63,sd728715
781,Monica,Bradford,Other,85,hJ545220
782,Crystal,Ortiz,Female,44,iH118932
783,Danielle,Grant,Other,21,AW033322
784,Jason,Macdonald,Other,30,rJ130650
785,Kevin,Branch,Other,59,ic511783
786,Ana,Johnson,Female,43,Rz893715
787,Elizabeth,Brown,Male,32,fU469084
788,Joseph,Brown,Female,37,gz587061
789,Nicole,Garcia,Female,21,yr493653
790,Peter,Villa,Female,35,XO719861
791,Mikayla,Fuller,Female,24,UM211651
792,Nicole,Williams,Other,19,kI015549
793,Emily,Copeland,Other,59,HY283774
794,Anthony,Velazquez,Other,46,hD635141
795,Melissa,Bright,Other,64,pI575803
796,Kevin,Gonzales,Female,29,CP653123
797,Maria,Kelly,Male,61,ky601767
798,Leah,Martin,Other,75,qw709691
799,Nathan,Delgado,Other,65,hp699123
800,Shannon,Hunter,Male,70,lJ545964
801,Nancy,Conner,Male,73,li360864
802,Randall,Carney,Other,51,dB239432
803,Alexander,Wolf,Male,80,UM364200
804,Keith,Anderson,Female,80,nd504393
805,James,Murray,Male,21,TD989540
806,Robert,Mcpherson,Other,58,EH340162
807,Paul,Moore,Other,19,ZY434166
808,Stephen,Walker,Male,33,Gf948616
809,Elizabeth,Wright,Other,78,ty650957
810,Lindsay,Barrett,Female,23,WJ898886
811,Jose,Church,Male,39,dr392450
812,Jason,Stewart,Other,51,gc863473
813,Patrick,Sims,Female,67,ur773827
814,Kristine,Adams,Male,85,qY980246
815,James,Castaneda,Other,65,bJ098158
816,Paul,Manning,Other,34,tM215014
817,Jacob,Ortiz,Female,53,sV507576
818,Kelsey,Hardy,Male,46,xp949364
819,Jimmy,Allen,Female,40,PF325523
820,Isaac,Daniel,Other,77,EG405531
821,Benjamin,Contreras,Female,20,EL237779
822,Nathan,Clark,Female,49,As147932
823,Jessica,Mckay,Other,62,zs248096
824,Melissa,Smith,Female,47,bG115882
825,Lisa,Payne,Male,35,nX253248
826,Deborah,Morris,Female,78,XC040419
827,Katherine,Gonzalez,Other,33,cG633246
828,Cindy,Brown,Other,66,Nu432965
829,Charles,Fitzpatrick,Other,25,ai827939
830,Daisy,Thomas,Male,56,LW370949
831,Melinda,Moore,Male,28,xr281876
832,Sandra,Blair,Female,71,by272084
833,John,Whitehead,Other,20,CS358482
834,Lisa,Dennis,Female,29,hH758271
835,Melissa,Mckinney,Other,26,Uu760523
836,Adrian,Schneider,Other,66,jz674300
837,Sarah,Smith,Female,35,
838,Gina,Price,Other,53,uP580080
839,David,Richard,Other,55,CM588093
840,Matthew,Davis,Female,70,qo878297
841,Stephanie,Love,Female,64,fr110440
842,Michelle,Phillips,Female,56,wl244660
843,Carl,Hobbs,Other,77,mg721666
844,Joshua,Yang,Female,67,Bl229318
845,Donna,Dickerson,Male,21,De560819
846,Catherine,Marshall,Male,66,wI365417
847,Cassandra,Ross,Female,50,uQ980605
848,Vincent,Hurst,Male,52,nr565358
849,Cassandra,Hopkins,Male,81,MC993022
850,Amber,Crawford,Other,30,kW623129
851,Edgar,Gamble,Male,33,NQ526095
852,Rachel,Giles,Other,60,IR695354
853,Allen,Montgomery,Other,81,lc931332
854,Anthony,Meyer,Female,63,JA705637
855,Antonio,Taylor,Female,33,jR813533
856,Maureen,Bell,Male,24,WQ948841
857,Kathryn,Lee,Male,22,Mt118432
858,Joseph,Torres,Male,33,yE198510
859,Stacey,Sanchez,Male,69,ld410242
860,Julie,Page,Male,64,CY926549
861,Calvin,Lambert,Female,47,ta682769
862,Andrew,Nguyen,Male,56,HX964231
863,Kayla,Morgan,Male,29,QE447243
864,Paul,Rodriguez,Male,50,Pn546619
865,Hailey,Powell,Female,47,
866,Ebony,Frye,Other,29,Xu831829
867,Ruth,Russell,Male,42,pH235554
868,Natalie,Chavez,Other,47,CE596165
869,Julie,Aguilar,Male,67,xE820215
870,Emily,Charles,Male,25,em116267
871,Angelica,Young,Male,25,cM218374
872,Roy,Erickson,Male,50,DF428377
873,Rachel,Gardner,Other,83,yQ971376
874,Daisy,Herrera,Other,84,Mh515881
875,Chase,Morales,Female,27,EQ806768
876,Bryan,Hess,Female,50,WW121017
877,Dylan,Ward,Male,31,zO619630
878,Michael,King,Female,29,Hp884781
879,Steven,Hernandez,Male,28,Kh115162
880,Mariah,Williams,Other,35,Ee807681
881,William,Ingram,Other,47,fu471108
882,James,Stevens,Male,36,uZ686282
883,Joanna,Gonzalez,Other,44,GJ510264
884,Michele,Davila,Other,74,za698191
885,Angela,Barr,Male,24,ZG000580
886,Gary,Gallegos,Other,81,kt148505
887,April,Wang,Other,28,dU380509
888,Valerie,Carlson,Male,76,gX945822
889,Mark,May,Female,66,pO150919
890,Shirley,Watts,Female,81,Ka426635
891,Tina,Brewer,Female,69,Bf790929
892,Donna,Berry,Other,80,Ep891882
893,Glenn,Foster,Male,81,ty329085
894,Jennifer,Newman,Female,29,
895,Glenn,Williams,Female,19,wB544739
896,Nathaniel,Harrison,Other,72,rN625505
897,Jerry,Scott,Female,30,NK501003
898,Bailey,Wade,Other,72,mX410586
899,Matthew,White,Other,62,ve122078
900,Crystal,Gregory,Female,42,rd709412
901,Garrett,Frederick,Other,80,bB993325
902,Bryan,Kelley,Female,30,Dn311861
903,Julie,Chavez,Female,30,EW571444
904,Gregory,Watkins,Male,20,Pl763980
905,Richard,Cochran,Female,62,Bo610725
906,Garrett,Wood,Male,71,HD575993
907,Allen,Estrada,Other,63,dm219223
908,Brian,Mccarthy,Female,68,UQ794241
909,Terri,Mcconnell,Other,60,qW428937
910,Sheri,Wilkinson,Female,44,Hs034105
911,James,Young,Male,75,Oo140020
912,Adam,Mendoza,Female,25,
913,Joshua,Hanson,Other,77,tx875951
914,Andrea,Robertson,Other,32,TB424839
915,Kendra,Adkins,Female,34,QB287043
916,Eric,Garcia,Male,23,vl835992
917,Rhonda,Harrington,Other,23,ok258827
918,Michael,Lopez,Other,79,Pm643060
919,Trevor,Torres,Male,53,kU778694
920,Robert,Dean,Female,42,sb416864
921,Nicholas,Martinez,Female,54,rQ233828
922,Jason,White,Male,79,lY615213
923,Shelia,Decker,Male,56,FF200298
924,Melissa,Drake,Female,46,KB946943
925,Cynthia,Hays,Male,20,la146613
926,Holly,Jones,Male,19,MC071681
927,Virginia,Douglas,Female,66,RM552227
928,Thomas,Welch,Other,78,Np871240
929,Michelle,Robinson,Other,72,Sw094761
930,Paul,James,Female,65,Vb390494
931,Joseph,Rubio,Other,54,Nk127009
932,Melanie,Hill,Female,68,zz773335
933,Todd,Moore,Other,50,xT159569
934,Kimberly,Travis,Female,65,Qj726533
935,Debra,Garrett,Male,81,qt769817
936,Nathan,Douglas,Other,40,mi943379
937,Brandon,Martin,Other,32,AY844054
938,Charles,King,Female,25,WG461758
939,Yvette,Carlson,Other,37,zL930640
940,Kendra,Wilson,Other,81,rk037172
941,Tammy,Russell,Other,43,En173286
942,Paul,Wade,Male,41,eW321524
943,John,Ellis,Other,34,EV224019
944,Rachel,Hahn,Female,25,vK216817
945,Ashley,Johnson,Female,20,pk627303
946,Ricardo,Pratt,Other,82,xe557466
947,Robert,Weiss,Male,85,Yf453669
948,Vincent,Ballard,Other,37,Yx422608
949,Ronald,Shepherd,Male,47,hh050312
950,Katie,Lewis,Male,76,Mq795272
951,Tony,Cunningham,Female,85,HU759925
952,Stephen,Whitney,Female,30,SV732084
953,Patricia,Foster,Male,49,zt604397
954,Lisa,Johnson,Male,45,aE080290
955,Gregory,Keller,Other,46,KU431360
956,Debbie,Thompson,Female,24,SX899412
957,Thomas,Willis,Male,62,vj977154
958,Thomas,Phillips,Female,38,Ks607104
959,Melissa,Massey,Male,48,Fp803898
960,Colleen,Clark,Female,73,Gl594653
961,Gina,Avila,Other,49,Gv509454
962,Duane,Kaiser,Other,28,LP290024
963,Danielle,Miller,Other,79,Ia235420
964,Allison,Lewis,Other,31,TQ171617
965,Gordon,Gregory,Other,21,zl871985
966,Chad,Parker,Male,80,GC512786
967,Andrea,Ferguson,Male,36,Lk095294
968,Michael,Garza,Other,32,Zt096101
969,Lorraine,Munoz,Male,70,Ax347520
970,James,Terrell,Male,71,JD151883
971,Meagan,Callahan,Male,50,vo590907
972,Spencer,Stevens,Female,48,Cn362250
973,Mark,Ferrell,Male,81,UX483319
974,Brittany,Baldwin,Female,57,Qx254601
975,Robert,Ingram,Other,79,Ld110509
976,James,Parsons,Female,30,jz529244
977,Terri,Thompson,Male,67,BM322655
978,Matthew,Martinez,Female,62,sy877450
979,Anthony,Curry,Female,55,ZF832617
980,Melissa,Clark,Other,30,Ev320911
981,Brandon,Jones,Female,32,OF320163
982,Jennifer,Crane,Male,77,Iz184204
983,Joshua,Carpenter,Female,42,Ze835329
984,Jimmy,Spence,Female,82,Vw773228
985,David,Ford,Male,60,Pl998642
986,Anne,Brown,Female,71,XF450806
987,Jessica,Morse,Female,44,hK669457
988,Alicia,Powell,Female,54,LI633876
989,Jason,Torres,Other,40,cm313578
990,Jamie,Hammond,Female,30,an580719
991,Kaitlyn,Gallagher,Other,66,Sp400197
992,Kevin,Li,Male,74,QS965664
993,Wendy,Taylor,Other,35,mT948976
994,Katherine,May,Male,24,IY562072
995,Elizabeth,Whitney,Other,50,BT399802
996,Katie,Perez,Female,72,MZ755128
997,Christopher,Lee,Female,75,iy420778
998,Samuel,Meyer,Male,39,Ix785023
999,Benjamin,Thompson,Male,38,Xq227467
1000,Jonathan,Smith,Male,44,ag547116
1001,Maria,Jones,Female,74,zu023344
1002,Glenn,Johnson,Female,42,qI414360
1003,Brandon,Patton,Female,28,ov290186
1004,Andrew,Gross,Other,44,Ho131094
1005,Sherri,Benjamin,Male,48,OU842148
1006,Krystal,Hodge,Female,78,DO982632
1007,Gail,Tucker,Male,33,wj577824
1008,Richard,Johnson,Other,65,pR958275
1009,Tony,Martinez,Female,64,Eo044279
1010,Megan,Brady,Other,37,Eh147840
1011,Shannon,Gomez,Male,43,SE347250
1012,Christian,Johnston,Female,85,FG965519
1013,Elaine,Jones,Other,41,ZL874525
1014,Sara,Hernandez,Male,58,nd610195
1015,Jennifer,Gonzalez,Other,52,lM804009
1016,William,Smith,Other,20,Nt872118
1017,Amy,Wilson,Female,56,SB008898
1018,Christopher,Russo,Female,67,wx833561
1019,Alison,House,Other,58,bV021051
1020,James,Costa,Female,25,my726927
1021,Linda,Cain,Female,64,Tq564693
1022,Megan,Schaefer,Female,27,Pu187997
1023,Heather,Chase,Male,18,Wt022219
1024,David,Smith,Other,73,OX753452
1025,Peggy,White,Other,60,Su063331
1026,Monica,Hughes,Other,35,dr063392
1027,Lonnie,Hall,Other,77,rp224713
1028,Steve,Turner,Female,53,Ot731915
1029,Brian,Torres,Female,35,ey193599
1030,Amanda,Houston,Other,31,Dt418552
1031,Kristina,Dixon,Male,40,nC726181
1032,Nicholas,Knox,Male,59,ds757073
1033,Amanda,Johnson,Other,25,EU055549
1034,Kimberly,Keller,Female,69,jk639735
1035,Jasmine,Stout,Male,42,bW279158
1036,Martin,Taylor,Female,58,NX310327
1037,Anthony,Barrett,Male,34,NJ565305
1038,Scott,Morales,Male,79,jK758171
1039,Kenneth,Anderson,Other,20,UL399823
1040,Thomas,Hamilton,Female,60,WH698852
1041,John,Williams,Female,38,qN410557
1042,Kayla,Cox,Other,78,Tr162314
1043,James,Hicks,Female,55,Xj041452
1044,Andrea,Hanna,Female,39,Vf628417
1045,Jason,Nelson,Female,20,QR981515
1046,Tony,Hamilton,Male,31,Bh757318
1047,Mitchell,Jackson,Other,57,pa973480
1048,Christina,Evans,Female,23,BX588492
1049,Catherine,Walker,Male,38,la104699
1050,Mary,Poole,Male,41,jk362945
1051,Shelia,Greer,Male,56,Do120950
1052,David,Nichols,Other,30,Yx741131
1053,Jeremy,Mcknight,Male,74,HC635275
1054,Joshua,Wilcox,Female,74,eP603096
1055,Jacob,Ferguson,Male,52,as477381
1056,Alicia,Stark,Female,44,lt206726
1057,Kevin,Baker,Male,57,Gi408514
1058,Scott,Shelton,Female,33,GZ669457
1059,Jonathan,Williams,Other,59,Bl232390
1060,Michael,Murphy,Male,67,Sj268707
1061,Anthony,Hamilton,Female,84,mT031219
1062,Jonathon,Nelson,Other,57,Pn170281
1063,Douglas,Smith,Female,21,RT978199
1064,Megan,Baker,Male,27,Nk292559
1065,Jason,Ramirez,Other,26,FE692015
1066,Michelle,Miller,Other,77,aN623150
1067,Xavier,Andrews,Female,28,Sp224614
1068,Ricardo,Peck,Other,53,UM164861
1069,Ashley,Pena,Female,57,Al313412
1070,Brett,Pitts,Other,68,DV176207
1071,Jennifer,Werner,Other,48,gp558910
1072,Charles,Delgado,Other,76,Al980428
1073,Tonya,Williams,Female,66,RL661692
1074,Benjamin,Lee,Male,62,pF097314
1075,Deanna,Ross,Other,26,lh976334
1076,Kevin,Wade,Other,42,eL304576
1077,Jacob,Wells,Other,18,MI811134
1078,Nicole,Sharp,Other,46,qf654587
1079,John,Garcia,Other,18,qA103303
1080,Kyle,Patterson,Male,53,lB739066
1081,David,White,Male,50,lk737819
1082,Tammy,Simmons,Other,40,qA163487
1083,Michelle,Kennedy,Female,62,wn753054
1084,Brandon,Davis,Male,40,cZ542968
1085,Kevin,Acevedo,Male,47,gO935989
1086,Jeremy,Scott,Other,57,vM200813
1087,John,Miranda,Female,56,gK407519
1088,Corey,Smith,Other,42,MA410149
1089,Regina,Wood,Female,36,jL540555
1090,George,Sampson,Male,50,sU800598
1091,Tony,Landry,Other,54,NX714380
1092,Lisa,Scott,Male,52,bq721034
1093,Gerald,Hess,Other,58,wA594992
1094,Karen,Gillespie,Female,25,kg136256
1095,Melanie,Clark,Male,23,mV555757
1096,Christine,Parker,Other,82,WR099150
1097,Michael,Webster,Female,82,zI220455
1098,Evelyn,Sims,Other,67,eS056366
1099,Rachel,Johnson,Other,37,cG774829
1100,Jamie,Ellis,Male,25,UL557865
